Gene,Phenotype,ACAT_O,ACAT_O_3sf
ANKRD40,DR,0.598460361632,0.598
ANKRD40,DN,0.718071345184,0.718
ANKRD40,DPN,0.376337088328,0.376
AP3M1,DR,0.449188467618,0.449
AP3M1,DN,0.696350102734,0.696
AP3M1,DPN,0.788028217057,0.788
ATG101,DR,0.668133541714,0.668
ATG101,DN,0.746801206476,0.747
ATG101,DPN,0.603949373229,0.604
CFDP1,DR,0.619806558185,0.62
CFDP1,DN,0.946286780007,0.946
CFDP1,DPN,0.827867765556,0.828
CUL1,DR,0.190591120338,0.191
CUL1,DN,0.929541571192,0.93
CUL1,DPN,0.121057301078,0.121
DCTN2,DR,0.252256179559,0.252
DCTN2,DN,0.632294325756,0.632
DCTN2,DPN,0.0596753133423,0.0597
DNAJC4,DR,0.233171969144,0.233
DNAJC4,DN,0.477099250818,0.477
DNAJC4,DPN,0.638030537912,0.638
E2F4,DR,0.960024147555,0.96
E2F4,DN,0.755136529807,0.755
E2F4,DPN,0.703363199704,0.703
FIBP,DR,0.530678514137,0.531
FIBP,DN,0.253049823735,0.253
FIBP,DPN,0.626661191382,0.627
GOLGA3,DR,0.013311517645,0.0133
GOLGA3,DN,0.217475751248,0.217
GOLGA3,DPN,0.694843753732,0.695
KDM4B,DR,0.450626308715,0.451
KDM4B,DN,0.432048314188,0.432
KDM4B,DPN,0.231589495506,0.232
LSM12,DR,0.0205681362013,0.0206
LSM12,DN,0.359981442789,0.36
LSM12,DPN,0.0953088821628,0.0953
MAPK1IP1L,DR,0.867386984753,0.867
MAPK1IP1L,DN,0.295475010382,0.295
MAPK1IP1L,DPN,0.294967097951,0.295
MCMBP,DR,0.472582942562,0.473
MCMBP,DN,0.240006815068,0.24
MCMBP,DPN,0.199705140557,0.2
PSMC1,DR,0.279701541309,0.28
PSMC1,DN,0.377679801587,0.378
PSMC1,DPN,0.449839195846,0.45
RABGGTB,DR,0.824020644531,0.824
RABGGTB,DN,0.67017749725,0.67
RABGGTB,DPN,0.844763263935,0.845
RBX1,DR,0.952443782628,0.952
RBX1,DN,0.0786025679743,0.0786
RBX1,DPN,0.486223377105,0.486
RNF181,DR,0.785620495599,0.786
RNF181,DN,0.746395157425,0.746
RNF181,DPN,0.645997555299,0.646
RNPS1,DR,0.931346800609,0.931
RNPS1,DN,0.784293840875,0.784
RNPS1,DPN,0.784576833393,0.785
SDF4,DR,0.871867161981,0.872
SDF4,DN,0.697253994305,0.697
SDF4,DPN,0.0546916016469,0.0547
SDHAF2,DR,0.0143714373483,0.0144
SDHAF2,DN,0.650019938947,0.65
SDHAF2,DPN,0.404334943904,0.404
SEC13,DR,0.911289689085,0.911
SEC13,DN,0.872816611307,0.873
SEC13,DPN,0.0406401163337,0.0406
SF3B4,DR,0.608295694116,0.608
SF3B4,DN,0.919030166781,0.919
SF3B4,DPN,0.0571908260744,0.0572
SPRYD3,DR,0.0373911898894,0.0374
SPRYD3,DN,0.635281889604,0.635
SPRYD3,DPN,0.764463920888,0.764
SRM,DR,0.354301655705,0.354
SRM,DN,0.910543724767,0.911
SRM,DPN,0.931802306155,0.932
STX4,DR,0.265383280197,0.265
STX4,DN,0.348475436824,0.348
STX4,DPN,0.79254679364,0.793
TOMM20,DR,0.319546965424,0.32
TOMM20,DN,0.61993258859,0.62
TOMM20,DPN,0.35387926483,0.354
TRIP12,DR,0.958502912602,0.959
TRIP12,DN,0.853234094457,0.853
TRIP12,DPN,0.882469575279,0.882
U2AF2,DR,0.299681831259,0.3
U2AF2,DN,0.550886409323,0.551
U2AF2,DPN,0.745392390988,0.745
