Gene,Phenotype,Z_Nerve_Tibial,Z_Whole_Blood,Z_multi_tissue,P_Stouffer,FDR_q_Stouffer,P_ACAT_O,FDR_q_ACAT_O,N_tissues,Group,Gene group,Z_eQTLGen,P,BH q,Model SNPs (matched/total),FDR-significant,Z_GTEx_S13,Z_eQTLGen_S13,Same_S13
ACTB,DN,-0.9758,-0.724,-1.19,0.2342,0.4372,0.398,0.6965,2.0,Candidate,Candidate,-0.1292,0.897,0.9923,23/23,No,,,
ACTB,DPN,0.3792,0.4605,0.596,0.5511,0.9538,0.6748,0.9538,2.0,Candidate,Candidate,0.1379,0.89,0.8903,23/23,No,,,
ACTB,DR,-1.0831,-1.3793,-1.75,0.0801,0.4923,0.2085,0.7963,2.0,Candidate,Candidate,1.0853,0.278,0.7896,23/23,No,,,
ANXA1,DN,-1.7069,0.4188,-0.823,0.4106,0.9202,0.2042,0.867,2.0,Non-candidate,Non-candidate,0.6555,0.512,0.7926,1572/1635,No,0.4188,0.6555,True
ANXA1,DPN,-1.5358,2.6286,0.941,0.3468,0.8347,0.0153,0.2065,2.0,Non-candidate,Non-candidate,2.3983,0.0165,0.2059,1572/1635,No,2.6286,2.3983,True
ANXA1,DR,-0.9612,0.4283,-0.32,0.7492,0.9352,0.5138,0.9909,2.0,Non-candidate,Non-candidate,0.9302,0.352,0.8196,1572/1635,No,0.4283,0.9302,True
ANXA5,DN,-2.0026,1.4927,-0.218,0.8276,0.9202,0.0702,0.8167,2.0,Non-candidate,Non-candidate,-0.6453,0.519,0.7926,1654/1769,No,1.4927,-0.6453,False
ANXA5,DPN,2.0683,-1.6571,0.139,0.8896,0.9067,0.0569,0.3073,2.0,Non-candidate,Non-candidate,-0.008,0.994,0.9936,1654/1769,No,-1.6571,-0.008,True
ANXA5,DR,-0.0283,-0.2936,-0.238,0.8119,0.9352,0.9563,0.9951,2.0,Non-candidate,Non-candidate,-0.4271,0.669,0.925,1654/1769,No,-0.2936,-0.4271,True
APPL1,DN,0.4144,,0.414,0.6786,0.7854,0.6786,0.8097,1.0,T2DM control,T2DM control,-0.37483,0.707787,0.946658,194/203,No,,,
APPL1,DPN,-3.0847,,-3.085,0.002,0.038,0.002,0.038,1.0,T2DM control,T2DM control,-0.561952,0.574148,0.888535,194/203,No,,,
APPL1,DR,-2.4075,,-2.408,0.0161,0.1482,0.0161,0.1482,1.0,T2DM control,T2DM control,-0.658866,0.509982,0.701893,194/203,No,,,
ARAP1,DN,-0.7294,,-0.729,0.4657,0.7854,0.4657,0.8059,1.0,T2DM control,T2DM control,-0.141033,0.887844,0.946658,217/221,No,,,
ARAP1,DPN,0.634,,0.634,0.5261,0.8569,0.5261,0.833,1.0,T2DM control,T2DM control,0.295063,0.767945,0.932505,217/221,No,,,
ARAP1,DR,-0.9056,,-0.906,0.3652,0.5456,0.3652,0.6939,1.0,T2DM control,T2DM control,0.031009,0.975262,0.988935,217/221,No,,,
C1QBP,DN,-1.0134,-0.8598,-1.316,0.1881,0.9202,0.3502,0.867,2.0,Non-candidate,Non-candidate,2.3945,0.0166,0.208,56/64,No,-0.8598,2.3945,False
C1QBP,DPN,-1.5191,-1.1547,-1.873,0.0611,0.5499,0.1747,0.6517,2.0,Non-candidate,Non-candidate,0.7858,0.432,0.9213,56/64,No,-1.1547,0.7858,False
C1QBP,DR,-0.1081,0.2702,0.13,0.8967,0.9352,0.8728,0.9951,2.0,Non-candidate,Non-candidate,0.481,0.631,0.925,56/64,No,0.2702,0.481,True
CAMK1D,DN,1.1399,1.9959,2.248,0.0245,0.2328,0.0762,0.7239,2.0,T2DM control,T2DM control,0.8791,0.379,0.9467,1276/1402,No,1.9959,0.8791,True
CAMK1D,DPN,1.201,-1.5776,-0.379,0.7048,0.8569,0.1515,0.5998,2.0,T2DM control,T2DM control,-1.2968,0.195,0.6619,1276/1402,No,-1.5776,-1.2968,True
CAMK1D,DR,2.2801,2.6809,3.518,0.0004,0.0076,0.0108,0.1482,2.0,T2DM control,T2DM control,1.4263,0.154,0.4741,1276/1402,No,2.6809,1.4263,True
CCT3,DN,-0.2938,1.5906,0.992,0.3211,0.9202,0.2644,0.867,2.0,Non-candidate,Non-candidate,1.6147,0.106,0.3324,545/579,No,1.5906,1.6147,True
CCT3,DPN,-2.307,1.3068,-0.559,0.5761,0.8559,0.0402,0.2713,2.0,Non-candidate,Non-candidate,1.2878,0.198,0.9213,545/579,No,1.3068,1.2878,True
CCT3,DR,-2.4222,-0.6175,-2.072,0.0382,0.2063,0.0329,0.349,2.0,Non-candidate,Non-candidate,-0.9142,0.361,0.8196,545/579,No,-0.6175,-0.9142,True
CDKAL1,DN,-0.7526,1.5564,0.661,0.5084,0.7854,0.1961,0.74,2.0,T2DM control,T2DM control,-0.3376,0.736,0.9467,779/820,No,1.5564,-0.3376,False
CDKAL1,DPN,-0.8554,0.1735,-0.44,0.6603,0.8569,0.7466,0.8344,2.0,T2DM control,T2DM control,-1.3248,0.185,0.6619,779/820,No,0.1735,-1.3248,False
CDKAL1,DR,-0.9576,1.1293,0.206,0.8368,0.9352,0.2926,0.6838,2.0,T2DM control,T2DM control,0.254,0.8,0.9708,779/820,No,1.1293,0.254,True
CKAP4,DN,0.717,-0.8471,-0.155,0.8765,0.9131,0.432,0.7115,2.0,Candidate,Candidate,-0.58,0.562,0.9209,633/659,No,,,
CKAP4,DPN,2.1322,1.4793,2.523,0.0116,0.0861,0.0556,0.5189,2.0,Candidate,Candidate,-0.2633,0.792,0.851,633/659,No,,,
CKAP4,DR,-0.5622,0.9157,0.31,0.7568,0.9285,0.4565,0.7963,2.0,Candidate,Candidate,0.9874,0.323,0.7939,633/659,No,,,
DDX5,DN,0.9727,0.9727,1.373,0.1696,0.3732,0.3307,0.6339,2.0,Candidate,Candidate,0.4565,0.648,0.9209,335/367,No,,,
DDX5,DPN,-0.6922,-0.6922,-0.977,0.3284,0.9195,0.4888,0.9538,2.0,Candidate,Candidate,0.9599,0.337,0.5664,335/367,No,,,
DDX5,DR,0.7553,0.7553,1.066,0.2862,0.6678,0.4501,0.7963,2.0,Candidate,Candidate,-0.0049,0.996,0.9961,335/367,No,,,
DHX9,DN,0.4927,,0.493,0.6223,0.9202,0.6223,0.8843,1.0,Non-candidate,Non-candidate,1.16338,0.244675,0.535928,44/45,No,,,
DHX9,DPN,0.9907,,0.991,0.3218,0.8347,0.3218,0.7706,1.0,Non-candidate,Non-candidate,-0.487635,0.625809,0.921278,44/45,No,,,
DHX9,DR,0.2577,,0.258,0.7966,0.9352,0.7966,0.9951,1.0,Non-candidate,Non-candidate,0.612823,0.539993,0.845236,44/45,No,,,
DUSP8,DN,-0.7228,-0.4796,-0.839,0.4015,0.7854,0.5588,0.8097,2.0,T2DM control,T2DM control,-1.9164,0.0553,0.4702,298/316,No,-0.4796,-1.9164,True
DUSP8,DPN,0.8955,0.3604,0.865,0.3872,0.8569,0.5721,0.8344,2.0,T2DM control,T2DM control,0.1323,0.895,0.9507,298/316,No,0.3604,0.1323,True
DUSP8,DR,-1.3124,0.7725,-0.296,0.7669,0.9107,0.2857,0.6838,2.0,T2DM control,T2DM control,-2.3272,0.02,0.1696,298/316,No,0.7725,-2.3272,False
EEF2,DN,-0.2521,-0.0252,-0.187,0.852,0.9202,0.9648,0.9648,2.0,Non-candidate,Non-candidate,-0.4009,0.688,0.7926,188/206,No,-0.0252,-0.4009,True
EEF2,DPN,0.2861,0.9432,0.895,0.371,0.8347,0.5846,0.9222,2.0,Non-candidate,Non-candidate,1.0777,0.281,0.9213,188/206,No,0.9432,1.0777,True
EEF2,DR,-0.6376,0.3946,-0.13,0.8969,0.9352,0.6217,0.9951,2.0,Non-candidate,Non-candidate,0.2057,0.837,0.9822,188/206,No,0.3946,0.2057,True
EHD4,DN,-0.5039,0.179,-0.202,0.8402,0.9202,0.7891,0.9384,2.0,Non-candidate,Non-candidate,0.6114,0.541,0.7926,1631/1731,No,0.179,0.6114,True
EHD4,DPN,-0.8945,-1.5206,-1.73,0.0836,0.5643,0.1931,0.6517,2.0,Non-candidate,Non-candidate,0.3851,0.7,0.9213,1631/1731,No,-1.5206,0.3851,False
EHD4,DR,1.1782,1.7641,2.101,0.0356,0.2063,0.1157,0.5206,2.0,Non-candidate,Non-candidate,0.7578,0.449,0.8452,1631/1731,No,1.7641,0.7578,True
EIF4A1,DN,0.0032,,0.003,0.9974,0.9974,0.9974,0.9974,1.0,Candidate,Candidate,-0.571696,0.567528,0.92091,3/3,No,,,
EIF4A1,DPN,0.1438,,0.144,0.8857,0.9538,0.8857,0.9538,1.0,Candidate,Candidate,1.310752,0.189942,0.441489,3/3,No,,,
EIF4A1,DR,1.3906,,1.391,0.1643,0.5751,0.1643,0.7963,1.0,Candidate,Candidate,0.219636,0.826154,0.919994,3/3,No,,,
EIF4H,DN,,-0.2986,-0.299,0.7653,0.8742,0.7653,0.9106,1.0,Candidate,Candidate,0.3657,0.715,0.9647,150/156,No,,,
EIF4H,DPN,,-0.1722,-0.172,0.8633,0.9538,0.8633,0.9538,1.0,Candidate,Candidate,-1.3462,0.178,0.4415,150/156,No,,,
EIF4H,DR,,-0.7884,-0.788,0.4305,0.7272,0.4305,0.7963,1.0,Candidate,Candidate,-0.7078,0.479,0.8163,150/156,No,,,
FTO,DN,0.5891,2.654,2.373,0.0176,0.2328,0.0151,0.2869,2.0,T2DM control,T2DM control,1.4148,0.157,0.8904,406/415,No,2.654,1.4148,True
FTO,DPN,-1.5979,0.8393,-0.436,0.6625,0.8569,0.1894,0.5998,2.0,T2DM control,T2DM control,0.8126,0.416,0.8849,406/415,No,0.8393,0.8126,True
FTO,DR,-0.0077,1.2969,0.963,0.3355,0.5456,0.9866,0.9918,2.0,T2DM control,T2DM control,0.1647,0.869,0.9851,406/415,No,1.2969,0.1647,True
GAPDH,DN,-0.2787,,-0.279,0.7805,0.8742,0.7805,0.9106,1.0,Candidate,Candidate,0.04412,0.964809,0.992334,520/563,No,,,
GAPDH,DPN,0.0229,,0.023,0.9817,0.9817,0.9817,0.9899,1.0,Candidate,Candidate,1.602742,0.108992,0.395541,520/563,No,,,
GAPDH,DR,0.6594,,0.659,0.5096,0.7272,0.5096,0.7963,1.0,Candidate,Candidate,1.052764,0.292449,0.789613,520/563,No,,,
GCK,DN,-0.8682,,-0.868,0.3853,0.7854,0.3853,0.8059,1.0,T2DM control,T2DM control,-0.127594,0.89847,0.946658,76/79,No,,,
GCK,DPN,0.0153,,0.015,0.9878,0.9878,0.9878,0.9925,1.0,T2DM control,T2DM control,0.042025,0.966479,0.966479,76/79,No,,,
GCK,DR,0.7256,,0.726,0.4681,0.6353,0.4681,0.717,1.0,T2DM control,T2DM control,0.904955,0.365489,0.701893,76/79,No,,,
GCKR,DN,0.8437,0.8437,1.191,0.2336,0.7854,0.3988,0.8059,2.0,T2DM control,,,,,,,,,
GCKR,DPN,-0.3465,-0.3465,-0.489,0.6247,0.8569,0.729,0.8344,2.0,T2DM control,,,,,,,,,
GCKR,DR,0.6387,0.6387,0.902,0.3671,0.5456,0.523,0.717,2.0,T2DM control,,,,,,,,,
GNA13,DN,,-1.5506,-1.551,0.121,0.8167,0.121,0.8167,1.0,Non-candidate,Non-candidate,-1.8563,0.0634,0.2875,196/215,No,-1.5506,-1.8563,True
GNA13,DPN,,0.9492,0.949,0.3425,0.8347,0.3425,0.7706,1.0,Non-candidate,Non-candidate,0.4493,0.653,0.9213,196/215,No,0.9492,0.4493,True
GNA13,DR,,-1.6684,-1.668,0.0952,0.3672,0.0952,0.5141,1.0,Non-candidate,Non-candidate,-2.5287,0.0115,0.2862,196/215,No,-1.6684,-2.5287,True
GRB14,DN,-0.562,0.8851,0.287,0.7742,0.7854,0.4666,0.8059,2.0,T2DM control,T2DM control,0.2421,0.809,0.9467,231/239,No,0.8851,0.2421,True
GRB14,DPN,0.9348,-0.7772,0.042,0.9668,0.9878,0.3939,0.6816,2.0,T2DM control,T2DM control,-1.013,0.311,0.7554,231/239,No,-0.7772,-1.013,True
GRB14,DR,-0.3696,0.4047,0.056,0.9551,0.9551,0.6983,0.8292,2.0,T2DM control,T2DM control,-1.3986,0.162,0.4741,231/239,No,0.4047,-1.3986,False
H2AFV,DN,-2.416,-1.6988,-2.876,0.004,0.0373,0.0279,0.2478,2.0,Candidate,Candidate,-1.6478,0.0994,0.3833,248/265,No,,,
H2AFV,DPN,1.2834,-0.1319,0.755,0.4501,0.9538,0.7321,0.9538,2.0,Candidate,Candidate,0.8959,0.37,0.5664,248/265,No,,,
H2AFV,DR,0.5624,1.2,1.27,0.2041,0.5987,0.3555,0.7963,2.0,Candidate,Candidate,0.1435,0.886,0.92,248/265,No,,,
HHEX,DN,0.3598,0.3608,0.509,0.6109,0.7854,0.7186,0.8097,2.0,T2DM control,T2DM control,-1.9269,0.054,0.4702,1243/1312,No,0.3608,-1.9269,False
HHEX,DPN,0.8827,0.8826,1.246,0.2127,0.7945,0.3774,0.6816,2.0,T2DM control,T2DM control,-1.6314,0.103,0.6619,1243/1312,No,0.8826,-1.6314,False
HHEX,DR,0.6306,0.6306,0.89,0.3733,0.5456,0.5283,0.717,2.0,T2DM control,T2DM control,-1.3455,0.178,0.4741,1243/1312,No,0.6306,-1.3455,False
HNRNPA3,DN,2.1037,,2.104,0.0354,0.1436,0.0354,0.2478,1.0,Candidate,,,,,,,,,
HNRNPA3,DPN,0.5814,,0.581,0.561,0.9538,0.561,0.9538,1.0,Candidate,,,,,,,,,
HNRNPA3,DR,0.6559,,0.656,0.5119,0.7272,0.5119,0.7963,1.0,Candidate,,,,,,,,,
HNRNPK,DN,,,,,,,,,Non-candidate,Non-candidate,0.1285,0.898,0.8977,1/2,No,,,
HNRNPK,DPN,,,,,,,,,Non-candidate,Non-candidate,-1.0095,0.313,0.9213,1/2,No,,,
HNRNPK,DR,,,,,,,,,Non-candidate,Non-candidate,1.692,0.0907,0.7393,1/2,No,,,
HSP90AB1,DN,1.797,0.8241,1.811,0.0702,0.2184,0.1363,0.424,2.0,Candidate,Candidate,1.5748,0.115,0.3891,21/21,No,,,
HSP90AB1,DPN,0.6933,-0.8636,-0.184,0.8543,0.9538,0.4335,0.9538,2.0,Candidate,Candidate,-0.8823,0.378,0.5664,21/21,No,,,
HSP90AB1,DR,0.4651,-0.6445,-0.172,0.8636,0.93,0.5801,0.8121,2.0,Candidate,Candidate,-0.5349,0.593,0.8423,21/21,No,,,
HSP90B1,DN,2.1519,2.4105,3.231,0.0012,0.0168,0.0208,0.2478,2.0,Candidate,Candidate,1.7358,0.0826,0.3717,132/135,No,,,
HSP90B1,DPN,0.1961,1.5825,1.312,0.1895,0.6633,0.3443,0.9538,2.0,Candidate,Candidate,1.5666,0.117,0.3955,132/135,No,,,
HSP90B1,DR,1.2567,-0.0348,0.81,0.4179,0.7272,0.9421,0.9631,2.0,Candidate,Candidate,-0.7337,0.463,0.8163,132/135,No,,,
HSPB1,DN,,0.6347,0.635,0.5256,0.9202,0.5256,0.867,1.0,Non-candidate,Non-candidate,1.7478,0.0805,0.2875,415/427,No,0.6347,1.7478,True
HSPB1,DPN,,0.3664,0.366,0.714,0.9067,0.714,0.9222,1.0,Non-candidate,Non-candidate,1.1415,0.254,0.9213,415/427,No,0.3664,1.1415,True
HSPB1,DR,,1.3411,1.341,0.1799,0.5397,0.1799,0.6939,1.0,Non-candidate,Non-candidate,1.1424,0.253,0.8196,415/427,No,1.3411,1.1424,True
HSPD1,DN,,-1.2348,-1.235,0.2169,0.9202,0.2169,0.867,1.0,Non-candidate,,,,,,,,,
HSPD1,DPN,,-0.692,-0.692,0.4889,0.8559,0.4889,0.9222,1.0,Non-candidate,,,,,,,,,
HSPD1,DR,,-0.0062,-0.006,0.9951,0.9951,0.9951,0.9951,1.0,Non-candidate,,,,,,,,,
ILF2,DN,,,,,,,,,Candidate,Candidate,0.5767,0.564,0.9209,140/153,No,,,
ILF2,DPN,,,,,,,,,Candidate,Candidate,-1.1208,0.262,0.5449,140/153,No,,,
ILF2,DR,,,,,,,,,Candidate,Candidate,-0.4272,0.669,0.9035,140/153,No,,,
JAZF1,DN,1.6026,-0.6996,0.544,0.5865,0.7854,0.2032,0.74,2.0,T2DM control,T2DM control,-0.0669,0.947,0.9467,816/869,No,-0.6996,-0.0669,True
JAZF1,DPN,0.2777,-0.4589,-0.158,0.8746,0.9775,0.7216,0.8344,2.0,T2DM control,T2DM control,-0.7213,0.471,0.8885,816/869,No,-0.4589,-0.7213,True
JAZF1,DR,0.0048,-1.2179,-0.906,0.3649,0.5456,0.9918,0.9918,2.0,T2DM control,T2DM control,-1.7956,0.0726,0.4112,816/869,No,-1.2179,-1.7956,True
KCNJ11,DN,0.2019,0.1847,0.272,0.7854,0.7854,0.8474,0.858,2.0,T2DM control,T2DM control,-0.0696,0.945,0.9467,448/467,No,0.1847,-0.0696,False
KCNJ11,DPN,0.0044,0.4733,0.356,0.7216,0.8569,0.9925,0.9925,2.0,T2DM control,T2DM control,1.1103,0.267,0.7554,448/467,No,0.4733,1.1103,True
KCNJ11,DR,0.1591,1.0736,0.907,0.3642,0.5456,0.6932,0.8292,2.0,T2DM control,T2DM control,1.2953,0.195,0.4741,448/467,No,1.0736,1.2953,True
KLF14,DN,,0.425,0.425,0.6709,0.7854,0.6709,0.8097,1.0,T2DM control,,,,,,,,,
KLF14,DPN,,-0.4325,-0.433,0.6654,0.8569,0.6654,0.8344,1.0,T2DM control,,,,,,,,,
KLF14,DR,,1.1653,1.165,0.2439,0.5456,0.2439,0.6838,1.0,T2DM control,,,,,,,,,
MFAP1,DN,,0.6394,0.639,0.5226,0.9202,0.5226,0.867,1.0,Non-candidate,Non-candidate,0.6868,0.492,0.7926,773/833,No,0.6394,0.6868,True
MFAP1,DPN,,-0.2318,-0.232,0.8167,0.9067,0.8167,0.9222,1.0,Non-candidate,Non-candidate,-0.2832,0.777,0.9713,773/833,No,-0.2318,-0.2832,True
MFAP1,DR,,0.6662,0.666,0.5053,0.9095,0.5053,0.9909,1.0,Non-candidate,Non-candidate,0.7329,0.464,0.8452,773/833,No,0.6662,0.7329,True
MYH9,DN,-0.206,,-0.206,0.8368,0.9202,0.8368,0.9414,1.0,Non-candidate,Non-candidate,-0.1555,0.876,0.8977,365/391,No,,,
MYH9,DPN,-0.5211,,-0.521,0.6023,0.8559,0.6023,0.9222,1.0,Non-candidate,Non-candidate,0.584,0.559,0.9213,365/391,No,,,
MYH9,DR,0.8814,,0.881,0.3781,0.8507,0.3781,0.8507,1.0,Non-candidate,Non-candidate,-0.1988,0.842,0.9822,365/391,No,,,
NCL,DN,,-0.9085,-0.909,0.3636,0.9202,0.3636,0.867,1.0,Non-candidate,Non-candidate,-2.7833,0.00538,0.1345,496/515,No,-0.9085,-2.7833,True
NCL,DPN,,-0.1861,-0.186,0.8524,0.9067,0.8524,0.9222,1.0,Non-candidate,Non-candidate,0.5997,0.549,0.9213,496/515,No,-0.1861,0.5997,False
NCL,DR,,-1.1251,-1.125,0.2606,0.6397,0.2606,0.7036,1.0,Non-candidate,Non-candidate,0.0181,0.986,0.9857,496/515,No,-1.1251,0.0181,False
PAM,DN,,-0.3525,-0.352,0.7245,0.7854,0.7245,0.8097,1.0,T2DM control,T2DM control,0.2072,0.836,0.9467,4670/5032,No,-0.3525,0.2072,False
PAM,DPN,,-0.8514,-0.851,0.3946,0.8569,0.3946,0.6816,1.0,T2DM control,T2DM control,-1.5088,0.131,0.6619,4670/5032,No,-0.8514,-1.5088,True
PAM,DR,,0.1221,0.122,0.9028,0.953,0.9028,0.9918,1.0,T2DM control,T2DM control,0.6629,0.507,0.7019,4670/5032,No,0.1221,0.6629,True
PCBP2,DN,,-0.2874,-0.287,0.7738,0.9202,0.7738,0.9384,1.0,Non-candidate,,,,,,,,,
PCBP2,DPN,,0.1841,0.184,0.8539,0.9067,0.8539,0.9222,1.0,Non-candidate,,,,,,,,,
PCBP2,DR,,0.174,0.174,0.8619,0.9352,0.8619,0.9951,1.0,Non-candidate,,,,,,,,,
PDIA3,DN,2.4234,0.3797,1.896,0.058,0.783,0.0339,0.8167,2.0,Non-candidate,Non-candidate,0.3462,0.729,0.7926,394/417,No,0.3797,0.3462,True
PDIA3,DPN,3.0681,0.3712,2.318,0.0204,0.2754,0.0046,0.1242,2.0,Non-candidate,Non-candidate,-0.0298,0.976,0.9936,394/417,No,0.3712,-0.0298,False
PDIA3,DR,4.1658,0.4012,3.071,0.0021,0.0513,0.0001,0.0027,2.0,Non-candidate,Non-candidate,-0.1708,0.864,0.9822,394/417,No,0.4012,-0.1708,False
PDIA6,DN,,0.6169,0.617,0.5373,0.9202,0.5373,0.867,1.0,Non-candidate,Non-candidate,1.0727,0.283,0.545,565/590,No,0.6169,1.0727,True
PDIA6,DPN,,0.123,0.123,0.9021,0.9067,0.9021,0.9353,1.0,Non-candidate,Non-candidate,0.7082,0.479,0.9213,565/590,No,0.123,0.7082,True
PDIA6,DR,,0.125,0.125,0.9006,0.9352,0.9006,0.9951,1.0,Non-candidate,Non-candidate,0.6114,0.541,0.8452,565/590,No,0.125,0.6114,True
PNN,DN,-1.0931,0.4956,-0.357,0.7209,0.9202,0.4389,0.867,2.0,Non-candidate,Non-candidate,-1.949,0.0513,0.2875,758/825,No,0.4956,-1.949,False
PNN,DPN,-2.4903,-1.2648,-2.601,0.0093,0.2511,0.0255,0.2295,2.0,Non-candidate,Non-candidate,-2.8258,0.00472,0.1179,758/825,No,-1.2648,-2.8258,True
PNN,DR,-2.0162,-1.8684,-2.736,0.0062,0.0558,0.0517,0.349,2.0,Non-candidate,Non-candidate,-1.3888,0.165,0.7393,758/825,No,-1.8684,-1.3888,True
PPARG,DN,-1.3199,0.0745,-0.822,0.4108,0.7854,0.858,0.858,2.0,T2DM control,T2DM control,1.1245,0.261,0.9467,1431/1511,No,0.0745,1.1245,True
PPARG,DPN,-0.7231,-2.0031,-1.977,0.0481,0.3046,0.083,0.5257,2.0,T2DM control,T2DM control,0.3804,0.704,0.9201,1431/1511,No,-2.0031,0.3804,False
PPARG,DR,-0.6404,-1.6878,-1.686,0.0918,0.4361,0.1647,0.6838,2.0,T2DM control,T2DM control,-0.8909,0.373,0.7019,1431/1511,No,-1.6878,-0.8909,True
PROX1,DN,-1.1923,,-1.192,0.2331,0.7854,0.2331,0.74,1.0,T2DM control,,,,,,,,,
PROX1,DPN,-1.3747,,-1.375,0.1692,0.7945,0.1692,0.5998,1.0,T2DM control,,,,,,,,,
PROX1,DR,-1.2577,,-1.258,0.2085,0.5456,0.2085,0.6838,1.0,T2DM control,,,,,,,,,
PUF60,DN,0.662,0.662,0.935,0.35,0.9202,0.508,0.867,2.0,Non-candidate,Non-candidate,-0.4883,0.625,0.7926,20/20,No,0.662,-0.4883,False
PUF60,DPN,1.0265,1.0265,1.449,0.1473,0.6628,0.3047,0.7706,2.0,Non-candidate,Non-candidate,0.489,0.625,0.9213,20/20,No,1.0265,0.489,True
PUF60,DR,1.1947,1.1947,1.687,0.0916,0.3672,0.2322,0.7036,2.0,Non-candidate,Non-candidate,0.0213,0.983,0.9857,20/20,No,1.1947,0.0213,True
RNH1,DN,1.6965,1.2991,2.099,0.0359,0.1436,0.1264,0.424,2.0,Candidate,Candidate,1.153,0.249,0.6109,726/898,No,,,
RNH1,DPN,1.6305,1.4932,2.2,0.0278,0.1297,0.118,0.5507,2.0,Candidate,Candidate,1.6135,0.107,0.3955,726/898,No,,,
RNH1,DR,2.6675,2.3198,3.507,0.0005,0.014,0.0114,0.3192,2.0,Candidate,Candidate,2.3064,0.0211,0.1898,726/898,No,,,
RPL10A,DN,0.6823,-0.7784,-0.127,0.8988,0.9334,0.4637,0.867,2.0,Non-candidate,Non-candidate,1.4392,0.15,0.417,1408/1460,No,-0.7784,1.4392,False
RPL10A,DPN,0.0363,-0.9727,-0.702,0.4826,0.8559,0.9353,0.9353,2.0,Non-candidate,Non-candidate,1.0794,0.28,0.9213,1408/1460,No,-0.9727,1.0794,False
RPL10A,DR,-0.0401,-1.951,-1.483,0.138,0.4658,0.8034,0.9951,2.0,Non-candidate,Non-candidate,1.3487,0.177,0.7393,1408/1460,No,-1.951,1.3487,False
RPL13A,DN,-0.5289,,-0.529,0.5969,0.8357,0.5969,0.9106,1.0,Candidate,Candidate,-1.9158,0.0554,0.3717,575/629,No,,,
RPL13A,DPN,0.2189,,0.219,0.8268,0.9538,0.8268,0.9538,1.0,Candidate,Candidate,0.5993,0.549,0.6737,575/629,No,,,
RPL13A,DR,-0.2165,,-0.217,0.8286,0.93,0.8286,0.928,1.0,Candidate,Candidate,0.8058,0.42,0.8163,575/629,No,,,
RPL14,DN,-0.3034,-0.0405,-0.232,0.8165,0.9202,0.9447,0.9648,2.0,Non-candidate,Non-candidate,-0.3705,0.711,0.7926,1335/1441,No,-0.0405,-0.3705,True
RPL14,DPN,-0.6454,-0.303,-0.656,0.512,0.8559,0.6714,0.9222,2.0,Non-candidate,Non-candidate,-0.4424,0.658,0.9213,1335/1441,No,-0.303,-0.4424,True
RPL14,DR,-0.7517,0.9996,0.246,0.8055,0.9352,0.3754,0.8507,2.0,Non-candidate,Non-candidate,0.9782,0.328,0.8196,1335/1441,No,0.9996,0.9782,True
RPL23A,DN,0.3328,,0.333,0.7393,0.8742,0.7393,0.9106,1.0,Candidate,Candidate,0.031777,0.97465,0.992334,13/13,No,,,
RPL23A,DPN,1.1591,,1.159,0.2464,0.7666,0.2464,0.8624,1.0,Candidate,Candidate,-0.479034,0.631914,0.741813,13/13,No,,,
RPL23A,DR,0.717,,0.717,0.4734,0.7272,0.4734,0.7963,1.0,Candidate,Candidate,0.175272,0.860866,0.919994,13/13,No,,,
RPL27A,DN,-0.0484,0.3504,0.229,0.8185,0.9202,0.9276,0.9648,2.0,Non-candidate,Non-candidate,1.1329,0.257,0.5359,859/901,No,0.3504,1.1329,True
RPL27A,DPN,-0.4699,-0.1636,-0.435,0.6637,0.896,0.8069,0.9222,2.0,Non-candidate,Non-candidate,0.1164,0.907,0.9936,859/901,No,-0.1636,0.1164,False
RPL27A,DR,0.5064,0.0225,0.354,0.7236,0.9352,0.9667,0.9951,2.0,Non-candidate,Non-candidate,0.0179,0.986,0.9857,859/901,No,0.0225,0.0179,True
RPL5,DN,,-1.0478,-1.048,0.2947,0.5157,0.2947,0.6339,1.0,Candidate,,,,,,,,,
RPL5,DPN,,0.2809,0.281,0.7788,0.9538,0.7788,0.9538,1.0,Candidate,,,,,,,,,
RPL5,DR,,0.6047,0.605,0.5454,0.7272,0.5454,0.8037,1.0,Candidate,,,,,,,,,
RPL7,DN,0.324,,0.324,0.7459,0.9202,0.7459,0.9384,1.0,Non-candidate,,,,,,,,,
RPL7,DPN,-0.5307,,-0.531,0.5956,0.8559,0.5956,0.9222,1.0,Non-candidate,,,,,,,,,
RPL7,DR,1.152,,1.152,0.2493,0.6397,0.2493,0.7036,1.0,Non-candidate,,,,,,,,,
RPL8,DN,0.4956,0.4956,0.7,0.4841,0.7134,0.6202,0.9106,2.0,Candidate,Candidate,0.4609,0.645,0.9209,1235/1349,No,,,
RPL8,DPN,-1.677,-1.677,-2.368,0.0179,0.1002,0.0935,0.5236,2.0,Candidate,Candidate,-1.8998,0.0575,0.3879,1235/1349,No,,,
RPL8,DR,-0.8407,-0.8407,-1.187,0.2352,0.5987,0.4005,0.7963,2.0,Candidate,Candidate,-0.5418,0.588,0.8423,1235/1349,No,,,
RPLP0,DN,1.4759,1.3766,2.01,0.0445,0.1557,0.1539,0.4309,2.0,Candidate,Candidate,1.7875,0.0739,0.3717,126/133,No,,,
RPLP0,DPN,0.4207,0.5519,0.692,0.489,0.9538,0.6277,0.9538,2.0,Candidate,Candidate,0.8213,0.411,0.5848,126/133,No,,,
RPLP0,DR,0.7036,1.2856,1.428,0.1533,0.5751,0.2928,0.7963,2.0,Candidate,Candidate,0.8487,0.396,0.8163,126/133,No,,,
RPN1,DN,0.1621,0.4534,0.446,0.6553,0.9202,0.7994,0.9384,2.0,Non-candidate,Non-candidate,0.4336,0.665,0.7926,865/929,No,0.4534,0.4336,True
RPN1,DPN,1.4005,0.8374,1.557,0.1195,0.6453,0.2475,0.7425,2.0,Non-candidate,Non-candidate,-0.026,0.979,0.9936,865/929,No,0.8374,-0.026,False
RPN1,DR,-0.1762,-0.8341,-0.74,0.4593,0.8858,0.7221,0.9951,2.0,Non-candidate,Non-candidate,-0.6499,0.516,0.8452,865/929,No,-0.8341,-0.6499,True
RPS13,DN,-0.0672,-0.3268,-0.289,0.7728,0.8742,0.9058,0.9393,2.0,Candidate,Candidate,-0.0704,0.944,0.9923,136/145,No,,,
RPS13,DPN,0.4732,0.3636,0.586,0.5577,0.9538,0.6816,0.9538,2.0,Candidate,Candidate,1.9843,0.0472,0.3879,136/145,No,,,
RPS13,DR,-0.0306,-0.0848,-0.084,0.9333,0.9473,0.9631,0.9631,2.0,Candidate,Candidate,1.0726,0.283,0.7896,136/145,No,,,
RPS14,DN,1.8962,1.6622,2.502,0.0123,0.0861,0.0735,0.4116,2.0,Candidate,Candidate,0.5106,0.61,0.9209,197/208,No,,,
RPS14,DPN,-0.1213,0.3668,0.193,0.8469,0.9538,0.8475,0.9538,2.0,Candidate,Candidate,0.6243,0.532,0.6737,197/208,No,,,
RPS14,DR,-0.1308,0.205,0.066,0.9473,0.9473,0.8711,0.9381,2.0,Candidate,Candidate,0.2811,0.779,0.92,197/208,No,,,
RPS16,DN,-0.1832,-0.9339,-0.819,0.4127,0.6797,0.6924,0.9106,2.0,Candidate,Candidate,-0.6343,0.526,0.9209,386/406,No,,,
RPS16,DPN,0.8914,1.502,1.714,0.0865,0.346,0.1986,0.7944,2.0,Candidate,Candidate,1.2924,0.196,0.4415,386/406,No,,,
RPS16,DR,-0.1104,-0.7542,-0.637,0.5244,0.7272,0.8203,0.928,2.0,Candidate,Candidate,-1.0909,0.275,0.7896,386/406,No,,,
RPS18,DN,1.5569,1.5978,2.229,0.0258,0.1436,0.1143,0.424,2.0,Candidate,Candidate,1.2633,0.206,0.5575,379/992,No,,,
RPS18,DPN,1.7729,1.7721,2.503,0.0123,0.0861,0.0763,0.5236,2.0,Candidate,Candidate,3.3627,0.000772,0.01042,379/992,Yes,,,
RPS18,DR,1.1308,1.1605,1.619,0.1055,0.4923,0.2515,0.7963,2.0,Candidate,Candidate,3.2746,0.00106,0.01429,379/992,Yes,,,
RPS25,DN,0.0765,-0.5039,-0.325,0.745,0.8742,0.8842,0.9393,2.0,Candidate,Candidate,-0.1244,0.901,0.9923,174/182,No,,,
RPS25,DPN,1.1199,-0.4903,0.379,0.7047,0.9538,0.4317,0.9538,2.0,Candidate,Candidate,1.0213,0.307,0.5664,174/182,No,,,
RPS25,DR,1.8604,1.3877,2.274,0.023,0.322,0.0941,0.7963,2.0,Candidate,Candidate,1.3203,0.187,0.7896,174/182,No,,,
RPS3,DN,-1.7027,,-1.703,0.0886,0.2481,0.0886,0.4135,1.0,Candidate,Candidate,-0.0096,0.992,0.9923,25/26,No,,,
RPS3,DPN,-0.3674,,-0.367,0.7133,0.9538,0.7133,0.9538,1.0,Candidate,Candidate,-0.9753,0.329,0.5664,25/26,No,,,
RPS3,DR,-0.302,,-0.302,0.7627,0.9285,0.7627,0.928,1.0,Candidate,Candidate,0.1775,0.859,0.92,25/26,No,,,
RPS3A,DN,0.6039,,0.604,0.5459,0.9202,0.5459,0.867,1.0,Non-candidate,Non-candidate,-0.4892,0.625,0.7926,750/793,No,,,
RPS3A,DPN,-1.302,,-1.302,0.1929,0.744,0.1929,0.6517,1.0,Non-candidate,Non-candidate,0.7077,0.479,0.9213,750/793,No,,,
RPS3A,DR,-0.3475,,-0.348,0.7282,0.9352,0.7282,0.9951,1.0,Non-candidate,Non-candidate,0.3812,0.703,0.925,750/793,No,,,
RPS8,DN,1.6484,1.6484,2.327,0.0199,0.5373,0.0993,0.8167,2.0,Non-candidate,Non-candidate,1.7561,0.0791,0.2875,1424/1541,No,1.6484,1.7561,True
RPS8,DPN,0.662,0.662,0.935,0.35,0.8347,0.508,0.9222,2.0,Non-candidate,Non-candidate,0.1801,0.857,0.9936,1424/1541,No,0.662,0.1801,True
RPS8,DR,2.05,2.05,2.894,0.0038,0.0513,0.0404,0.349,2.0,Non-candidate,Non-candidate,1.4321,0.152,0.7393,1424/1541,No,2.05,1.4321,True
RPSA,DN,0.579,1.2531,1.321,0.1866,0.3732,0.331,0.6339,2.0,Candidate,Candidate,1.7443,0.0811,0.3717,475/505,No,,,
RPSA,DPN,0.006,-0.6234,-0.461,0.6445,0.9538,0.9899,0.9899,2.0,Candidate,Candidate,0.2282,0.82,0.851,475/505,No,,,
RPSA,DR,0.8559,0.1876,0.709,0.4781,0.7272,0.73,0.928,2.0,Candidate,Candidate,-0.2345,0.815,0.92,475/505,No,,,
RRBP1,DN,-0.5864,0.4897,-0.025,0.9804,0.9804,0.5939,0.8843,2.0,Non-candidate,Non-candidate,-2.0907,0.0366,0.2875,562/576,No,0.4897,-2.0907,False
RRBP1,DPN,0.3308,-0.1378,0.117,0.9067,0.9067,0.8471,0.9222,2.0,Non-candidate,Non-candidate,-0.3937,0.694,0.9213,562/576,No,-0.1378,-0.3937,True
RRBP1,DR,0.6996,0.3871,0.754,0.4506,0.8858,0.6093,0.9951,2.0,Non-candidate,Non-candidate,-1.7992,0.072,0.7393,562/576,No,0.3871,-1.7992,False
RREB1,DN,0.4433,,0.443,0.6576,0.7854,0.6576,0.8097,1.0,T2DM control,T2DM control,0.890898,0.372984,0.946658,405/438,No,,,
RREB1,DPN,1.1482,,1.148,0.2509,0.7945,0.2509,0.6156,1.0,T2DM control,T2DM control,2.074862,0.037999,0.645989,405/438,No,,,
RREB1,DR,2.2664,,2.266,0.0234,0.1482,0.0234,0.1482,1.0,T2DM control,T2DM control,2.331216,0.019742,0.169592,405/438,No,,,
SLC16A11,DN,-1.0676,,-1.068,0.2857,0.7854,0.2857,0.7755,1.0,T2DM control,T2DM control,-0.3285,0.743,0.9467,53/59,No,,,
SLC16A11,DPN,2.2965,,2.297,0.0216,0.2052,0.0216,0.2052,1.0,T2DM control,T2DM control,-0.4857,0.627,0.8885,53/59,No,,,
SLC16A11,DR,-0.9865,,-0.987,0.3239,0.5456,0.3239,0.6838,1.0,T2DM control,T2DM control,0.0139,0.989,0.9889,53/59,No,,,
ST6GAL1,DN,0.4298,-1.5702,-0.886,0.3754,0.7854,0.2337,0.74,2.0,T2DM control,T2DM control,-0.6575,0.511,0.9467,612/669,No,-1.5702,-0.6575,True
ST6GAL1,DPN,0.7656,-1.3547,-0.502,0.6156,0.8569,0.2592,0.6156,2.0,T2DM control,T2DM control,-0.1789,0.858,0.9507,612/669,No,-1.3547,-0.1789,True
ST6GAL1,DR,1.0556,-0.4508,0.366,0.7146,0.9052,0.4718,0.717,2.0,T2DM control,T2DM control,0.6177,0.537,0.7019,612/669,No,-0.4508,0.6177,False
TCF7L2,DN,,,,,,,,,T2DM control,T2DM control,-0.3551,0.723,0.9467,266/285,No,,,
TCF7L2,DPN,,,,,,,,,T2DM control,T2DM control,0.5323,0.595,0.8885,266/285,No,,,
TCF7L2,DR,,,,,,,,,T2DM control,T2DM control,0.7203,0.471,0.7019,266/285,No,,,
TUBB,DN,0.955,0.955,1.348,0.1776,0.3732,0.3396,0.6339,2.0,Candidate,Candidate,9.4965,0.0,0.0,359/1848,Yes,,,
TUBB,DPN,0.3598,0.3598,0.508,0.6114,0.9538,0.719,0.9538,2.0,Candidate,Candidate,7.7601,0.0,0.0,359/1848,Yes,,,
TUBB,DR,0.8519,0.8519,1.203,0.229,0.5987,0.3943,0.7963,2.0,Candidate,Candidate,11.8932,0.0,0.0,359/1848,Yes,,,
UBA52,DN,1.2221,1.1654,1.683,0.0924,0.8167,0.233,0.867,2.0,Non-candidate,Non-candidate,-1.1336,0.257,0.5359,619/674,No,1.1654,-1.1336,False
UBA52,DPN,-0.4531,-0.5212,-0.691,0.4898,0.8559,0.6257,0.9222,2.0,Non-candidate,Non-candidate,-0.4188,0.675,0.9213,619/674,No,-0.5212,-0.4188,True
UBA52,DR,0.2999,0.2893,0.415,0.6778,0.9352,0.7686,0.9951,2.0,Non-candidate,Non-candidate,-0.9256,0.355,0.8196,619/674,No,0.2893,-0.9256,False
VCP,DN,0.9447,1.3274,1.619,0.1053,0.268,0.241,0.6135,2.0,Candidate,Candidate,0.0997,0.921,0.9923,936/985,No,,,
VCP,DPN,-1.4313,-2.184,-2.583,0.0098,0.0861,0.0471,0.5189,2.0,Candidate,Candidate,-0.2839,0.776,0.851,936/985,No,,,
VCP,DR,0.6872,1.5943,1.647,0.0995,0.4923,0.1903,0.7963,2.0,Candidate,Candidate,0.7003,0.484,0.8163,936/985,No,,,
XRCC5,DN,3.0297,7.6053,7.694,0.0,0.0,0.0,0.0,2.0,Candidate,Candidate,1.306,0.192,0.5575,370/381,No,,,
XRCC5,DPN,0.913,4.3294,3.84,0.0001,0.0028,0.0,0.0,2.0,Candidate,Candidate,1.7909,0.0733,0.3955,370/381,No,,,
XRCC5,DR,0.4987,0.3823,0.617,0.5371,0.7272,0.6657,0.8876,2.0,Candidate,Candidate,-0.6442,0.519,0.825,370/381,No,,,
XRCC6,DN,-0.2325,-0.7607,-0.723,0.4699,0.7134,0.6798,0.9106,2.0,Candidate,Candidate,0.5219,0.602,0.9209,495/512,No,,,
XRCC6,DPN,0.6607,-0.6925,-0.077,0.9383,0.9731,0.4981,0.9538,2.0,Candidate,Candidate,0.7036,0.482,0.6503,495/512,No,,,
XRCC6,DR,0.8255,-1.0005,-0.198,0.8432,0.93,0.3573,0.7963,2.0,Candidate,Candidate,1.5099,0.131,0.7896,495/512,No,,,
YWHAQ,DN,,0.1504,0.15,0.8805,0.9131,0.8805,0.9393,1.0,Candidate,Candidate,-2.1973,0.028,0.3717,398/422,No,,,
YWHAQ,DPN,,0.6204,0.62,0.535,0.9538,0.535,0.9538,1.0,Candidate,Candidate,-1.3663,0.172,0.4415,398/422,No,,,
YWHAQ,DR,,2.0398,2.04,0.0414,0.3864,0.0414,0.5796,1.0,Candidate,Candidate,1.0603,0.289,0.7896,398/422,No,,,
