Gene,Z_NerveTibial_DR,Z_NerveTibial_DN,Z_NerveTibial_DPN,Z_WholeBlood_DR,Z_WholeBlood_DN,Z_WholeBlood_DPN,model_SNPs_NerveTibial,model_SNPs_WholeBlood
ANKRD40,-0.5863,-0.5637,0.6638,-0.4786,-0.2590,1.0657,1,2
AP3M1,1.3321,-0.6645,0.3943,0.3040,0.2611,0.2049,1,2
ATG101,-0.4387,0.3379,0.5317,-0.4200,0.3104,0.5074,1,2
CFDP1,-0.8004,-0.0583,-0.1646,-0.3259,-0.0782,0.2981,3,3
CUL1,-1.5335,0.4538,-0.6940,-0.9892,-0.0499,-1.8331,1,2
DCTN2,1.1449,0.4785,1.8832,1.1449,0.4785,1.8832,1,1
DNAJC4,0.3696,0.7778,0.8180,-1.6020,-0.6530,0.2942,2,2
E2F4,0.0382,0.3299,0.4066,-0.0695,0.2971,0.3598,2,2
FIBP,-0.6270,1.1430,-0.4864,-0.6270,1.1430,-0.4864,1,1
GOLGA3,-2.7319,-1.6202,-0.5501,-0.7519,0.5457,0.3002,3,2
KDM4B,-0.7544,-0.7857,-1.1963,,,,1,
LSM12,-2.5824,-1.0447,-1.8365,-0.8431,-0.7905,-1.4268,2,2
MAPK1IP1L,0.3893,1.1221,-1.1510,0.1072,0.9727,-0.9434,1,2
MCMBP,0.6205,0.6192,-1.0241,-0.8089,1.4735,-1.4447,2,3
PSMC1,0.9053,-1.0424,0.6189,-1.2117,-0.7280,-0.8808,2,1
RABGGTB,0.1025,-0.3860,-0.0961,-0.8463,0.4662,0.7082,3,1
RBX1,0.0596,1.7589,-0.6963,0.0596,1.7589,-0.6963,1,1
RNF181,,,,-0.2720,0.3234,-0.4593,,2
RNPS1,-0.0486,-0.1753,-0.2318,0.2566,-0.4781,-0.3225,2,1
SDF4,,,,-0.1613,0.3890,1.9213,,2
SDHAF2,2.5278,-0.4260,-0.7542,2.3549,-0.4803,-0.9037,2,2
SEC13,-0.1114,0.1601,2.0472,,,,2,1
SF3B4,0.5115,0.1023,-1.9021,0.5134,0.1011,-1.9016,1,1
SPRYD3,2.3423,0.3044,-0.2223,1.2381,0.7242,0.4149,3,3
SRM,0.9721,0.0886,1.2558,-0.8842,-0.1471,0.0404,2,2
STX4,-1.1974,-0.9593,-0.2160,-1.0305,-0.9179,-0.3224,1,1
TOMM20,1.0309,0.2327,0.8004,0.9627,0.9865,1.0318,2,3
TRIP12,,,,-0.0520,0.1850,0.1478,,2
TUT1,,,,,,,1,1
U2AF2,1.0371,0.5964,-0.3247,1.0371,0.5964,-0.3247,2,1
