artefact	path_in_run	hash_kind	expected	observed	file_bytes	decompressed_bytes	verdict
eQTLGen_Whole_Blood.db	eqtlgen/eQTLGen_Whole_Blood.db	file-sha256	413c4fff25c1820fd92f11f4370e25f3b82ea2ecd5a84ff0643d5f750312fa3c	413c4fff25c1820fd92f11f4370e25f3b82ea2ecd5a84ff0643d5f750312fa3c	4866048		MATCH
cov_Whole_Blood.txt.gz	cov/cov_Whole_Blood.txt.gz	content-md5	31137589fc9ca1a261df19fba7f14e08	31137589fc9ca1a261df19fba7f14e08	476502	1498762	MATCH
cov_Nerve_Tibial.txt.gz	cov/cov_Nerve_Tibial.txt.gz	content-md5	4ea16ad919cd0b90a693f54e8702eb59	4ea16ad919cd0b90a693f54e8702eb59	646597	2062148	MATCH
cov_A.txt.gz	eqtlgen/cov_A.txt.gz	content-md5	ed58ccdfc590dc4498dd5ddc6c8b0ea2	ed58ccdfc590dc4498dd5ddc6c8b0ea2	183659809	950571203	MATCH
cov_B.txt.gz	eqtlgen/cov_B.txt.gz	content-md5	2a532e74469a340feaf0b7a791740151	2a532e74469a340feaf0b7a791740151	99159225	494568128	MATCH
cov_C.txt.gz	eqtlgen/cov_C.txt.gz	content-md5	f30ebf0255d9eed610b6162a35be97c6	f30ebf0255d9eed610b6162a35be97c6	111535391	599107351	MATCH
db_A.db	eqtlgen/db_A.db	file-sha256	f3a29eee9bf1aa4384de6b8627136c55988b077ff34af28431b3e2c9c2156d74	f3a29eee9bf1aa4384de6b8627136c55988b077ff34af28431b3e2c9c2156d74	3469312		MATCH
db_B.db	eqtlgen/db_B.db	file-sha256	51777828c3607b5b172264f380cc9928ef19dc6b9e382abc460db0b9c8e8b966	51777828c3607b5b172264f380cc9928ef19dc6b9e382abc460db0b9c8e8b966	1007616		MATCH
db_C.db	eqtlgen/db_C.db	file-sha256	1617c517e030394b62a33f0466bd9904ae81b7e0e3c7cf3a20db27e84e4e66d8	1617c517e030394b62a33f0466bd9904ae81b7e0e3c7cf3a20db27e84e4e66d8	380928		MATCH
gwas_DR.tsv	gwas/gwas_DR.tsv	file-md5	390e4e9abaea0464e112008a39958511	390e4e9abaea0464e112008a39958511	1318700		MATCH
gwas_DN.tsv	gwas/gwas_DN.tsv	file-md5	25c53a645397870098cbed30e17a0a1c	25c53a645397870098cbed30e17a0a1c	1312095		MATCH
gwas_DPN.tsv	gwas/gwas_DPN.tsv	file-md5	70c16fc9783f225b55cc7dbc033fc5df	70c16fc9783f225b55cc7dbc033fc5df	1309024		MATCH
gwas_DR_aligned.tsv	eqtlgen/gwas_DR_aligned.tsv	file-md5	3ea5fda0c3cc1222318eab1f57049ae9	3ea5fda0c3cc1222318eab1f57049ae9	1752257		MATCH
gwas_DN_aligned.tsv	eqtlgen/gwas_DN_aligned.tsv	file-md5	269358b089b2bf56a6eb8ae7df1cf831	269358b089b2bf56a6eb8ae7df1cf831	1752488		MATCH
gwas_DPN_aligned.tsv	eqtlgen/gwas_DPN_aligned.tsv	file-md5	453e3226eba6b10213aebe3a8f1e70e4	453e3226eba6b10213aebe3a8f1e70e4	1754047		MATCH
official_Whole_Blood_DR.csv	official_Whole_Blood_DR.csv	file-md5	57738c427b957c25a6f455f5ff22c4a0	57738c427b957c25a6f455f5ff22c4a0	1837692		MATCH
official_Whole_Blood_DN.csv	official_Whole_Blood_DN.csv	file-md5	cce57111298a024b5e9ed5101c048f74	cce57111298a024b5e9ed5101c048f74	1835601		MATCH
official_Whole_Blood_DPN.csv	official_Whole_Blood_DPN.csv	file-md5	c4bceab533b56ce928cf4c69e87462d8	c4bceab533b56ce928cf4c69e87462d8	1834688		MATCH
official_Nerve_Tibial_DR.csv	official_Nerve_Tibial_DR.csv	file-md5	966e43e6dec03669fdd13ef44b6866d9	966e43e6dec03669fdd13ef44b6866d9	2259160		MATCH
official_Nerve_Tibial_DN.csv	official_Nerve_Tibial_DN.csv	file-md5	1dc9106b31369aa5115322bd03fd0b7a	1dc9106b31369aa5115322bd03fd0b7a	2256166		MATCH
official_Nerve_Tibial_DPN.csv	official_Nerve_Tibial_DPN.csv	file-md5	92b942f7437b65bb0dc2658e1eb6bccb	92b942f7437b65bb0dc2658e1eb6bccb	2254949		MATCH
official_eq_A_DR.csv	eqtlgen/official_eq_A_DR.csv	file-md5	8590d52ee797ca76cc292e71d122f8a9	8590d52ee797ca76cc292e71d122f8a9	14261		MATCH
official_eq_A_DN.csv	eqtlgen/official_eq_A_DN.csv	file-md5	ae35c433289e695bfd97b6de66b5e140	ae35c433289e695bfd97b6de66b5e140	14260		MATCH
official_eq_A_DPN.csv	eqtlgen/official_eq_A_DPN.csv	file-md5	2950f5cee032862bc0af82754cf71b82	2950f5cee032862bc0af82754cf71b82	14256		MATCH
official_eq_B_DR.csv	eqtlgen/official_eq_B_DR.csv	file-md5	f704406684eda32bc6bd15ee8692ca6f	f704406684eda32bc6bd15ee8692ca6f	1408		MATCH
official_eq_B_DN.csv	eqtlgen/official_eq_B_DN.csv	file-md5	579082773814fe11b33ea5bf6cbaad10	579082773814fe11b33ea5bf6cbaad10	1398		MATCH
official_eq_B_DPN.csv	eqtlgen/official_eq_B_DPN.csv	file-md5	817811fcc41790f09145f4acf4a97960	817811fcc41790f09145f4acf4a97960	1399		MATCH
official_eq_C_DR.csv	eqtlgen/official_eq_C_DR.csv	file-md5	aadc03b20c309434703f8f826311d38c	aadc03b20c309434703f8f826311d38c	315		MATCH
official_eq_C_DN.csv	eqtlgen/official_eq_C_DN.csv	file-md5	1d6416923477fc69778bf4874f0fae3c	1d6416923477fc69778bf4874f0fae3c	318		MATCH
official_eq_C_DPN.csv	eqtlgen/official_eq_C_DPN.csv	file-md5	b01c432e5128ecc541de8f5203a4ccc0	b01c432e5128ecc541de8f5203a4ccc0	318		MATCH
