gene,gene_name,zscore,effect_size,pvalue,var_g,pred_perf_r2,pred_perf_pval,pred_perf_qval,n_snps_used,n_snps_in_cov,n_snps_in_model,best_gwas_p,largest_weight
ENSG00000231500,RPS18,3.3626971720973646,0.004438296498860118,0.0007718498358269579,172800.68381226237,NA,NA,NA,379,388,992,5.923459911277928e-09,24.2823
ENSG00000100941,PNN,-2.8258226966348707,-0.0008037213821856054,0.004715935969401339,4123347.636701221,NA,NA,NA,760,793,825,0.0005664629635376256,13.6171
ENSG00000078808,SDF4,2.48715333305826,0.0008748374376373436,0.01287698852638946,1332793.0886574027,NA,NA,NA,503,553,575,0.0009481838673310276,27.708
ENSG00000137955,RABGGTB,2.222406600138289,0.000694213725414517,0.026255839702400564,3861157.717814271,NA,NA,NA,1150,1187,1238,0.009911975579567052,15.7434
ENSG00000124782,RREB1,2.0748618991765984,0.0010404675493249787,0.0379993357734879,1275191.9467868987,NA,NA,NA,405,427,438,0.0003272225616709384,19.7292
ENSG00000127663,KDM4B,2.06591113355444,0.000563727522504732,0.038836871403930134,4750796.91304783,NA,NA,NA,658,694,706,0.0073337851241466225,27.9401
ENSG00000110700,RPS13,1.984262152804661,0.006771250530385141,0.04722662300704626,41470.3049214102,NA,NA,NA,136,143,145,0.037381815840497185,8.474
ENSG00000175203,DCTN2,1.908711924233535,0.0034368399110785443,0.05629926406963134,134910.01527565622,NA,NA,NA,219,228,233,0.01478445563028801,5.7038
ENSG00000161016,RPL8,-1.8997874222504976,-0.00012812849259495046,0.057461022190777256,99775571.32578965,NA,NA,NA,1237,1295,1349,0.00048052502360353854,81.1565
ENSG00000116649,SRM,1.8256975491551282,0.010697100258021966,0.0678958325687706,1383.385638824512,NA,NA,NA,39,39,39,0.038669170239186416,6.1386
ENSG00000079246,XRCC5,1.7909108582512425,0.0014537012836353242,0.07330760095389167,657098.4786710078,NA,NA,NA,370,376,381,0.0041076668721999055,19.7452
ENSG00000152804,HHEX,-1.6314371386231898,-0.00042052327030522955,0.10279811380458179,6093100.123041011,NA,NA,NA,1244,1287,1312,0.02420026622230718,26.9723
ENSG00000023191,RNH1,1.6134788879425113,0.0005422640301296173,0.10664050637016348,2293241.0378590357,NA,NA,NA,728,867,898,0.010046735418293939,25.1808
ENSG00000111640,GAPDH,1.602742131292684,0.0005128618382359454,0.10899159769832402,3287594.1616486595,NA,NA,NA,520,540,563,0.014059839109526226,34.9959
ENSG00000166598,HSP90B1,1.5666463867462694,0.0036819053558677256,0.11719736890888746,76558.58001055897,NA,NA,NA,132,135,135,0.005468757591836967,7.7838
ENSG00000157020,SEC13,-1.5408156478360113,-0.000306472931018812,0.1233616599623054,11396657.422963675,NA,NA,NA,1317,1373,1420,0.00655690822974149,42.4037
ENSG00000149257,SERPINH1,1.480954177076257,0.0008472374946477893,0.13861878460457253,1294376.6955748093,NA,NA,NA,447,457,461,0.025405430924311644,32.7361
ENSG00000134308,YWHAQ,-1.3662753160150016,-0.0005482080287250162,0.17185256559256068,2416847.790087929,NA,NA,NA,400,415,422,0.000537678831348486,19.685
ENSG00000106682,EIF4H,-1.3461589116608506,-0.001145260640181387,0.17825127290933307,441697.1438397196,NA,NA,NA,150,155,156,0.021717384598608818,12.7454
ENSG00000145996,CDKAL1,-1.3247758026611722,-0.0007971488940770075,0.18524552270280525,1177973.391178988,NA,NA,NA,780,799,820,0.006734668186530582,30.024
ENSG00000161960,EIF4A1,1.3107519304144692,0.08434901456902315,0.18994158766770708,35.061374033132665,NA,NA,NA,3,3,3,0.1676554404447519,5.6868
ENSG00000183049,CAMK1D,-1.2968385967635163,-0.00028782607293452217,0.19468672741704407,9196549.85147721,NA,NA,NA,1277,1309,1402,0.005139300325476576,70.4495
ENSG00000105193,RPS16,1.2924032151024638,0.000547241796792997,0.19621754387408785,2491336.528071006,NA,NA,NA,386,397,406,0.07229786439225584,21.1064
ENSG00000163468,CCT3,1.2878036880046027,0.00032344616995508437,0.19781430817315449,6627102.189159261,NA,NA,NA,545,567,579,0.001887563951679748,38.2049
ENSG00000108828,VAT1,-1.2251445618234755,-8.754600505201834e-05,0.2205207578711912,91636826.05394484,NA,NA,NA,1051,1111,1141,0.008111788759840892,34.2709
ENSG00000106211,HSPB1,1.1414680609318206,0.000891191185353327,0.25367519580082687,675647.4115398828,NA,NA,NA,415,424,427,0.027779297194032854,9.1002
ENSG00000143621,ILF2,-1.1208358032178702,-0.0021258253819889704,0.26235776102213515,134709.44724039527,NA,NA,NA,140,148,153,0.2255610693796516,11.1456
ENSG00000187486,KCNJ11,1.110259476566012,0.00060553399181708,0.26688722989942093,1628601.8004589078,NA,NA,NA,448,460,467,0.037381815840497185,12.9023
ENSG00000161654,LSM12,-1.0926709719946053,-0.0033266754325744947,0.2745382892450007,35842.03629478256,NA,NA,NA,87,88,90,0.054666259154877356,7.7851
ENSG00000198755,RPL10A,1.0794358083649276,0.00029897224914424413,0.28039349520597423,5220602.709519215,NA,NA,NA,1409,1436,1460,0.005701866547316183,36.771
ENSG00000167658,EEF2,1.077658417954507,0.001774165602636401,0.28118622168049956,117196.70855565106,NA,NA,NA,188,204,206,0.018416086250884978,14.396
ENSG00000055130,CUL1,-1.065604254543456,-0.0009090504898958605,0.28660257514707754,629836.6743973702,NA,NA,NA,261,270,275,0.1333055762765143,11.3106
ENSG00000185009,AP3M1,1.0458858154442854,0.0002271283927586334,0.2956137540520567,8490138.861222927,NA,NA,NA,823,849,863,0.006772923767632075,39.107
ENSG00000118181,RPS25,1.021300470080861,0.0009414510033945663,0.30711210378443254,502229.01661678083,NA,NA,NA,175,178,182,0.02899632188260551,13.5306
ENSG00000115290,GRB14,-1.0130027414111364,-0.0011040164588943275,0.31105885149429746,270750.8945256606,NA,NA,NA,231,235,239,0.009937013865202916,24.9645
ENSG00000165119,HNRNPK,-1.0095101594924925,-0.23248281832208742,0.3127300317588356,9.489987876481214,NA,NA,NA,1,1,2,0.3127300317588356,4.3423
ENSG00000149273,RPS3,-0.9752851505990582,-0.005836114215410581,0.32941883424736573,3508.1830954424595,NA,NA,NA,26,26,26,0.23784788591099948,8.2356
ENSG00000100764,PSMC1,0.9602480353552741,0.001339717105575027,0.3369303964089667,253074.38717704028,NA,NA,NA,155,158,159,0.22595851884564078,5.4465
ENSG00000108654,DDX5,0.9598953344104572,0.0008569254130623605,0.33710789458676593,146465.81829274,NA,NA,NA,335,343,367,0.060062391030480534,49.8734
ENSG00000105968,H2AFV,0.8958531361097721,0.0009426855887323007,0.37033120626463767,224250.1347785692,NA,NA,NA,249,260,265,0.0075220479695320445,9.9875
ENSG00000096384,HSP90AB1,-0.8822783975582003,-0.014960394559357494,0.37762627552028505,1302.4312001316364,NA,NA,NA,21,21,21,0.2621797230839982,5.5293
ENSG00000172500,FIBP,-0.8226145021345626,-0.0002691210134728629,0.41072724907890956,3336162.1002877564,NA,NA,NA,917,951,986,0.0009719155076365802,31.8202
ENSG00000089157,RPLP0,0.8212700779070193,0.001225582568734978,0.41149244750111935,95501.67556011713,NA,NA,NA,126,132,133,0.012372161583733192,8.2784
ENSG00000140718,FTO,0.8126052578888385,0.0006760729435913318,0.41644441603952154,705936.9522563184,NA,NA,NA,406,411,415,0.011282723636230424,21.6162
ENSG00000108561,C1QBP,0.7857710447022461,0.007539860084516756,0.43200163295531346,6451.191048422538,NA,NA,NA,56,61,64,0.02615250443130142,6.2339
ENSG00000154945,ANKRD40,0.7625123545833907,0.0014216901363309957,0.44575427233357223,122047.61641390572,NA,NA,NA,132,134,137,0.015948451557247355,13.7949
ENSG00000167460,TPM4,0.7622932809280711,0.0021181522813914977,0.4458849831816727,75284.05727809652,NA,NA,NA,123,124,125,0.11548527202496607,20.7585
ENSG00000153814,JAZF1,-0.7213153945779983,-0.00032699335731239243,0.4707154874309425,2729757.2631323906,NA,NA,NA,816,845,869,0.005416919225279288,59.4772
ENSG00000143870,PDIA6,0.7081805988982726,0.00018284365101568342,0.47883311263963846,6835890.319914117,NA,NA,NA,565,578,590,0.0003786029226733448,28.41
ENSG00000145425,RPS3A,0.7077172775968659,0.000331703244908844,0.4791208458109686,849492.70822406,NA,NA,NA,750,774,793,0.048943730485766085,14.1043
ENSG00000196419,XRCC6,0.7035893012864699,0.0003206125916467672,0.4816885759592098,1753154.5336500732,NA,NA,NA,495,502,512,0.08677215392983291,6.6687
ENSG00000164587,RPS14,0.624345131880999,0.0003441425860895473,0.5324009503489375,1421542.0479703546,NA,NA,NA,197,200,208,0.07781957630692529,26.0073
ENSG00000115053,NCL,0.599707106099674,0.00026171072072643634,0.5487014515573826,2230782.7084606844,NA,NA,NA,497,510,515,0.011174234266011666,33.4463
ENSG00000142541,RPL13A,0.5993186637499539,0.0001884182718211657,0.5489604042939004,1289537.0457093148,NA,NA,NA,575,611,629,0.005023708998222549,28.8683
ENSG00000100345,MYH9,0.5840330155861951,0.0005867825928519652,0.5591980996370537,357445.50884766446,NA,NA,NA,367,384,391,0.030753399136690007,24.3638
ENSG00000157500,APPL1,-0.5619524813065853,-0.0007800190862235604,0.5741483952965198,190036.47172386255,NA,NA,NA,194,200,203,0.11158772137680949,8.0936
ENSG00000148737,TCF7L2,0.532252890763717,0.0004956793653718472,0.5945508552683545,476971.6457392399,NA,NA,NA,266,274,285,0.023628135306133332,24.4298
ENSG00000179950,PUF60,0.48896428271724474,0.0052031851971447675,0.6248669838828222,712.1236060777226,NA,NA,NA,20,20,20,0.436670537107149,5.7586
ENSG00000135829,DHX9,-0.4876345267916352,-0.0022809516732586353,0.6258087350883829,1934.0072087353508,NA,NA,NA,44,44,45,0.5749003909248518,5.1206
ENSG00000174326,SLC16A11,-0.4856702056157877,-0.002018824028572924,0.6272010113276107,20138.59377383487,NA,NA,NA,53,55,59,0.0591783226966332,10.6913
ENSG00000198242,RPL23A,-0.47903410675856944,-0.008094907045641577,0.6319143650961205,56.68161572498502,NA,NA,NA,13,13,13,0.022010071094808042,6.6519
ENSG00000167985,SDHAF2,0.46623329792731444,0.01744796262435158,0.6410485174598188,306.1705087924101,NA,NA,NA,17,17,17,0.09798410075568273,11.9135
ENSG00000120063,GNA13,0.4492902122380069,0.00014134178934148162,0.653222317528058,1328860.4615694182,NA,NA,NA,196,213,215,0.0723733373487129,29.2468
ENSG00000188846,RPL14,-0.44242141095338555,-3.9834464650841287e-05,0.658184288203547,48268397.68238448,NA,NA,NA,1337,1369,1441,0.01790248684443353,33.8669
ENSG00000063244,U2AF2,-0.4191370343608094,-0.0007224906921331483,0.6751159861496933,29646.698017679948,NA,NA,NA,95,97,98,0.02665975415590307,10.326
ENSG00000221983,UBA52,-0.41878750907227474,-0.00011487272616622637,0.6753714344050266,5949535.589438957,NA,NA,NA,621,653,674,0.020669925325532287,38.8508
ENSG00000168175,MAPK1IP1L,-0.40143638794746195,-0.0011727436085372444,0.6880988634304139,19004.21173988178,NA,NA,NA,80,84,88,0.16589432835561058,5.3445
ENSG00000125844,RRBP1,-0.39373119459928924,-0.00015256578364313905,0.6937795079122746,814617.9197722236,NA,NA,NA,562,571,576,0.0038407023252863036,32.0279
ENSG00000205937,RNPS1,0.35704509743779805,0.00034019326338051724,0.7210580448956383,351651.4219025667,NA,NA,NA,246,255,261,0.010627239722263463,23.5214
ENSG00000110011,DNAJC4,-0.35371987060533183,-0.0013705769202964776,0.7235488295471488,36517.209773578,NA,NA,NA,94,95,95,0.2155354933186424,6.5981
ENSG00000168894,RNF181,0.32933211850914546,0.0008068529024172181,0.7419046698563222,76761.14115058344,NA,NA,NA,150,151,155,0.1910261225255946,7.0731
ENSG00000186635,ARAP1,0.2950634244648449,0.00041322688215144444,0.7679454295074015,252368.47046419766,NA,NA,NA,217,218,221,0.13336239456619262,7.8763
ENSG00000173726,TOMM20,-0.29413181916492837,-0.000447946324675298,0.7686571775400028,209627.68239056913,NA,NA,NA,238,246,252,0.016751271794047787,13.7537
ENSG00000165280,VCP,-0.2839305062688767,-4.665121912181248e-05,0.7764636375261447,10672032.21854862,NA,NA,NA,936,968,985,0.019416725273943718,37.455
ENSG00000140259,MFAP1,-0.283188396748295,-6.10086683572761e-05,0.7770324225103822,3729079.093887166,NA,NA,NA,776,812,833,0.12290299046790872,11.7225
ENSG00000149016,TUT1,0.27776871716690443,0.00042944729787750013,0.7811899066000826,155252.3882939063,NA,NA,NA,99,105,106,0.008361518464526832,8.4363
ENSG00000136026,CKAP4,-0.2633300609525789,-0.00045266556487334373,0.7922961917742597,550200.4771502678,NA,NA,NA,633,645,659,0.0030982400350080485,34.852
ENSG00000265681,RPL17,-0.23549837025344864,-3.565895463623167e-05,0.813821943638646,3256709.511097476,NA,NA,NA,1261,1302,1352,0.017711006012451368,43.4216
ENSG00000168028,RPSA,0.22817683940568778,0.00012046336974833261,0.8195087660156939,653805.2871122506,NA,NA,NA,475,491,505,0.02886559141782363,14.7166
ENSG00000073849,ST6GAL1,-0.17890331129324957,-0.00012432448061098288,0.8580136226997604,1525873.5679761728,NA,NA,NA,613,631,669,0.00018895275358650273,25.778
ENSG00000205250,E2F4,0.17724522122009895,1.3343542223247294e-05,0.8593157765429121,1308229.4124902545,NA,NA,NA,885,918,933,0.02359986586803099,11.7655
ENSG00000153774,CFDP1,-0.17133604485616893,-2.143148109826975e-05,0.8639595397931077,48258221.014412366,NA,NA,NA,1319,1357,1387,0.011583199994212324,42.7703
ENSG00000075624,ACTB,0.13789835895994657,-0.001386035617440935,0.8903207473787496,1036.3650042998236,NA,NA,NA,23,23,23,0.2302416093952795,5.6314
ENSG00000184545,DUSP8,0.13231842644873132,0.00042204667723163327,0.8947324333216807,266141.79526062624,NA,NA,NA,298,311,316,0.00450896121815242,10.8975
ENSG00000153827,TRIP12,0.13201814822209393,8.741623037616124e-05,0.8949699371832462,4624813.779473999,NA,NA,NA,506,529,538,0.002658698444225809,23.4737
ENSG00000166441,RPL27A,0.11642586173028488,3.547698878985357e-05,0.9073150400668837,3426403.0002913373,NA,NA,NA,860,885,901,0.05206665330083755,17.4519
ENSG00000090615,GOLGA3,0.08724214758664382,6.637006277712322e-05,0.9304790381226328,2102849.2197440383,NA,NA,NA,778,914,947,0.059208656895228674,22.4832
ENSG00000148303,RPL7A,-0.07483718544244766,-0.017313002533197612,0.940344255055564,0.2930310100625889,NA,NA,NA,1,1,1,0.940344255055564,4.3226
ENSG00000106633,GCK,0.0420251760748127,0.00018890369872929822,0.9664786282371427,35263.45723330958,NA,NA,NA,76,78,79,0.07199167758760995,10.9726
ENSG00000167004,PDIA3,-0.029786121356071203,-1.6047217391517443e-05,0.976237627410148,2726000.8232384655,NA,NA,NA,395,407,417,0.049829625083938414,12.1223
ENSG00000167778,SPRYD3,-0.027571449252387636,-4.687191913999941e-05,0.9780039532013187,380295.1636362881,NA,NA,NA,372,385,392,0.04281222727050112,18.5243
ENSG00000163902,RPN1,-0.02598877651954069,3.7594874829210375e-05,0.9792662904687758,5284879.393578695,NA,NA,NA,866,903,929,0.016741339088934628,25.3309
ENSG00000103496,STX4,0.016199657753783167,-5.139533748606855e-07,0.9870751085013059,33893365.51037415,NA,NA,NA,1026,1082,1112,0.011145400453877527,46.0663
