"candidate","control","subclass_this_version"
"CKAP4","EEF1A1P5","1"
"HSP90AB1","ANXA1","2"
"HSPA8","RPS15","3"
"TUBB","RPS8","4"
"GAPDH","SERPINB9","5"
"RPL5","RPL7","6"
"HSP90B1","ENO1","7"
"VCP","EEF2","8"
"RPSA","NCL","9"
"RNH1","ANXA5","10"
"RPL8","HSPD1","11"
"EIF4A1","RPN1","12"
"RPS14","RPL18","13"
"RPLP0","RPL27A","14"
"RPS16","RPL14","15"
"XRCC5","MYH9","16"
"H2AFV","PABPC1","17"
"RPS13","CCT3","18"
"XRCC6","SEPTIN2","19"
"ACTB","H2BC13","20"
"RPS3","RPS3A","21"
"DDX5","GNA13","22"
"EIF4H","PDIA3","23"
"ILF2","MFAP1","24"
"RPL23A","C1QBP","25"
"HNRNPA3","PDIA6","26"
"YWHAQ","DHX9","27"
"RPL13A","MSN","28"
"RPS18","UBA52","29"
"RPS25","HNRNPK","30"
