"label","method","distance","m.order","covset","ok","agree","set_ov","n_ctrl","msg"
"pool74_asis_mahalanobis","nearest","mahalanobis","<default>","log10_Length+GC_pct+eQTL_SNPs_Mean",TRUE,1,24,30,""
"pool74_asis_mahalanobis","nearest","mahalanobis","largest","log10_Length+GC_pct+eQTL_SNPs_Mean",FALSE,NA,NA,NA,"The argument to `m.order` should be one of ""data"", ""random"", ""closest"",
or ""farthest""."
"pool74_asis_mahalanobis","nearest","mahalanobis","closest","log10_Length+GC_pct+eQTL_SNPs_Mean",TRUE,2,26,30,""
"pool74_asis_mahalanobis","nearest","mahalanobis","data","log10_Length+GC_pct+eQTL_SNPs_Mean",TRUE,1,24,30,""
"pool74_asis_mahalanobis","nearest","mahalanobis","random","log10_Length+GC_pct+eQTL_SNPs_Mean",TRUE,1,25,30,""
"pool74_asis_mahalanobis","nearest","mahalanobis","farthest","log10_Length+GC_pct+eQTL_SNPs_Mean",TRUE,1,24,30,""
"pool74_asis_mahalanobis","optimal","mahalanobis","<default>","log10_Length+GC_pct+eQTL_SNPs_Mean",TRUE,2,26,30,""
"pool74_asis_glm","nearest","glm","<default>","log10_Length+GC_pct+eQTL_SNPs_Mean",TRUE,1,22,30,""
"pool74_asis_glm","nearest","glm","largest","log10_Length+GC_pct+eQTL_SNPs_Mean",TRUE,1,22,30,""
"pool74_asis_glm","nearest","glm","closest","log10_Length+GC_pct+eQTL_SNPs_Mean",TRUE,0,23,30,""
"pool74_asis_glm","nearest","glm","data","log10_Length+GC_pct+eQTL_SNPs_Mean",TRUE,0,22,30,""
"pool74_asis_glm","nearest","glm","random","log10_Length+GC_pct+eQTL_SNPs_Mean",TRUE,1,22,30,""
"pool74_asis_glm","nearest","glm","farthest","log10_Length+GC_pct+eQTL_SNPs_Mean",TRUE,1,21,30,""
"pool74_asis_glm","optimal","glm","<default>","log10_Length+GC_pct+eQTL_SNPs_Mean",TRUE,0,23,30,""
"pool74_asis_gam","nearest","gam","<default>","log10_Length+GC_pct+eQTL_SNPs_Mean",TRUE,1,22,30,""
"pool74_asis_gam","nearest","gam","largest","log10_Length+GC_pct+eQTL_SNPs_Mean",TRUE,1,22,30,""
"pool74_asis_gam","nearest","gam","closest","log10_Length+GC_pct+eQTL_SNPs_Mean",TRUE,0,23,30,""
"pool74_asis_gam","nearest","gam","data","log10_Length+GC_pct+eQTL_SNPs_Mean",TRUE,0,22,30,""
"pool74_asis_gam","nearest","gam","random","log10_Length+GC_pct+eQTL_SNPs_Mean",TRUE,1,22,30,""
"pool74_asis_gam","nearest","gam","farthest","log10_Length+GC_pct+eQTL_SNPs_Mean",TRUE,1,21,30,""
"pool74_asis_gam","optimal","gam","<default>","log10_Length+GC_pct+eQTL_SNPs_Mean",TRUE,0,23,30,""
"pool74_asis_mahalanobis","nearest","mahalanobis","<default>","log10_Length+GC_pct",TRUE,0,21,30,""
"pool74_asis_mahalanobis","nearest","mahalanobis","largest","log10_Length+GC_pct",FALSE,NA,NA,NA,"The argument to `m.order` should be one of ""data"", ""random"", ""closest"",
or ""farthest""."
"pool74_asis_mahalanobis","nearest","mahalanobis","closest","log10_Length+GC_pct",TRUE,0,21,30,""
"pool74_asis_mahalanobis","nearest","mahalanobis","data","log10_Length+GC_pct",TRUE,0,21,30,""
"pool74_asis_mahalanobis","nearest","mahalanobis","random","log10_Length+GC_pct",TRUE,0,21,30,""
"pool74_asis_mahalanobis","nearest","mahalanobis","farthest","log10_Length+GC_pct",TRUE,0,21,30,""
"pool74_asis_mahalanobis","optimal","mahalanobis","<default>","log10_Length+GC_pct",TRUE,0,21,30,""
"pool74_asis_glm","nearest","glm","<default>","log10_Length+GC_pct",TRUE,0,19,30,""
"pool74_asis_glm","nearest","glm","largest","log10_Length+GC_pct",TRUE,0,19,30,""
"pool74_asis_glm","nearest","glm","closest","log10_Length+GC_pct",TRUE,2,21,30,""
"pool74_asis_glm","nearest","glm","data","log10_Length+GC_pct",TRUE,0,21,30,""
"pool74_asis_glm","nearest","glm","random","log10_Length+GC_pct",TRUE,2,21,30,""
"pool74_asis_glm","nearest","glm","farthest","log10_Length+GC_pct",TRUE,0,19,30,""
"pool74_asis_glm","optimal","glm","<default>","log10_Length+GC_pct",TRUE,0,22,30,""
"pool74_asis_gam","nearest","gam","<default>","log10_Length+GC_pct",TRUE,0,19,30,""
"pool74_asis_gam","nearest","gam","largest","log10_Length+GC_pct",TRUE,0,19,30,""
"pool74_asis_gam","nearest","gam","closest","log10_Length+GC_pct",TRUE,2,21,30,""
"pool74_asis_gam","nearest","gam","data","log10_Length+GC_pct",TRUE,0,21,30,""
"pool74_asis_gam","nearest","gam","random","log10_Length+GC_pct",TRUE,2,21,30,""
"pool74_asis_gam","nearest","gam","farthest","log10_Length+GC_pct",TRUE,0,19,30,""
"pool74_asis_gam","optimal","gam","<default>","log10_Length+GC_pct",TRUE,0,22,30,""
"pool74_asis_mahalanobis","nearest","mahalanobis","<default>","log10_Length+eQTL_SNPs_Mean",TRUE,2,20,30,""
"pool74_asis_mahalanobis","nearest","mahalanobis","largest","log10_Length+eQTL_SNPs_Mean",FALSE,NA,NA,NA,"The argument to `m.order` should be one of ""data"", ""random"", ""closest"",
or ""farthest""."
"pool74_asis_mahalanobis","nearest","mahalanobis","closest","log10_Length+eQTL_SNPs_Mean",TRUE,2,20,30,""
"pool74_asis_mahalanobis","nearest","mahalanobis","data","log10_Length+eQTL_SNPs_Mean",TRUE,2,20,30,""
"pool74_asis_mahalanobis","nearest","mahalanobis","random","log10_Length+eQTL_SNPs_Mean",TRUE,2,21,30,""
"pool74_asis_mahalanobis","nearest","mahalanobis","farthest","log10_Length+eQTL_SNPs_Mean",TRUE,4,22,30,""
"pool74_asis_mahalanobis","optimal","mahalanobis","<default>","log10_Length+eQTL_SNPs_Mean",TRUE,2,20,30,""
"pool74_asis_glm","nearest","glm","<default>","log10_Length+eQTL_SNPs_Mean",TRUE,0,21,30,""
"pool74_asis_glm","nearest","glm","largest","log10_Length+eQTL_SNPs_Mean",TRUE,0,21,30,""
"pool74_asis_glm","nearest","glm","closest","log10_Length+eQTL_SNPs_Mean",TRUE,0,21,30,""
"pool74_asis_glm","nearest","glm","data","log10_Length+eQTL_SNPs_Mean",TRUE,0,20,30,""
"pool74_asis_glm","nearest","glm","random","log10_Length+eQTL_SNPs_Mean",TRUE,0,21,30,""
"pool74_asis_glm","nearest","glm","farthest","log10_Length+eQTL_SNPs_Mean",TRUE,0,20,30,""
"pool74_asis_glm","optimal","glm","<default>","log10_Length+eQTL_SNPs_Mean",TRUE,0,20,30,""
"pool74_asis_gam","nearest","gam","<default>","log10_Length+eQTL_SNPs_Mean",TRUE,0,21,30,""
"pool74_asis_gam","nearest","gam","largest","log10_Length+eQTL_SNPs_Mean",TRUE,0,21,30,""
"pool74_asis_gam","nearest","gam","closest","log10_Length+eQTL_SNPs_Mean",TRUE,0,21,30,""
"pool74_asis_gam","nearest","gam","data","log10_Length+eQTL_SNPs_Mean",TRUE,0,20,30,""
"pool74_asis_gam","nearest","gam","random","log10_Length+eQTL_SNPs_Mean",TRUE,0,21,30,""
"pool74_asis_gam","nearest","gam","farthest","log10_Length+eQTL_SNPs_Mean",TRUE,0,20,30,""
"pool74_asis_gam","optimal","gam","<default>","log10_Length+eQTL_SNPs_Mean",TRUE,0,20,30,""
"pool74_asis_mahalanobis","nearest","mahalanobis","<default>","GC_pct+eQTL_SNPs_Mean",TRUE,1,19,30,""
"pool74_asis_mahalanobis","nearest","mahalanobis","largest","GC_pct+eQTL_SNPs_Mean",FALSE,NA,NA,NA,"The argument to `m.order` should be one of ""data"", ""random"", ""closest"",
or ""farthest""."
"pool74_asis_mahalanobis","nearest","mahalanobis","closest","GC_pct+eQTL_SNPs_Mean",TRUE,1,20,30,""
"pool74_asis_mahalanobis","nearest","mahalanobis","data","GC_pct+eQTL_SNPs_Mean",TRUE,1,19,30,""
"pool74_asis_mahalanobis","nearest","mahalanobis","random","GC_pct+eQTL_SNPs_Mean",TRUE,2,19,30,""
"pool74_asis_mahalanobis","nearest","mahalanobis","farthest","GC_pct+eQTL_SNPs_Mean",TRUE,3,20,30,""
"pool74_asis_mahalanobis","optimal","mahalanobis","<default>","GC_pct+eQTL_SNPs_Mean",TRUE,2,19,30,""
"pool74_asis_glm","nearest","glm","<default>","GC_pct+eQTL_SNPs_Mean",TRUE,1,20,30,""
"pool74_asis_glm","nearest","glm","largest","GC_pct+eQTL_SNPs_Mean",TRUE,1,20,30,""
"pool74_asis_glm","nearest","glm","closest","GC_pct+eQTL_SNPs_Mean",TRUE,0,19,30,""
"pool74_asis_glm","nearest","glm","data","GC_pct+eQTL_SNPs_Mean",TRUE,1,19,30,""
"pool74_asis_glm","nearest","glm","random","GC_pct+eQTL_SNPs_Mean",TRUE,0,19,30,""
"pool74_asis_glm","nearest","glm","farthest","GC_pct+eQTL_SNPs_Mean",TRUE,1,19,30,""
"pool74_asis_glm","optimal","glm","<default>","GC_pct+eQTL_SNPs_Mean",TRUE,3,20,30,""
"pool74_asis_gam","nearest","gam","<default>","GC_pct+eQTL_SNPs_Mean",TRUE,1,20,30,""
"pool74_asis_gam","nearest","gam","largest","GC_pct+eQTL_SNPs_Mean",TRUE,1,20,30,""
"pool74_asis_gam","nearest","gam","closest","GC_pct+eQTL_SNPs_Mean",TRUE,0,19,30,""
"pool74_asis_gam","nearest","gam","data","GC_pct+eQTL_SNPs_Mean",TRUE,1,19,30,""
"pool74_asis_gam","nearest","gam","random","GC_pct+eQTL_SNPs_Mean",TRUE,0,19,30,""
"pool74_asis_gam","nearest","gam","farthest","GC_pct+eQTL_SNPs_Mean",TRUE,1,19,30,""
"pool74_asis_gam","optimal","gam","<default>","GC_pct+eQTL_SNPs_Mean",TRUE,3,20,30,""
"pool74_asis_mahalanobis","nearest","mahalanobis","<default>","log10_Length",TRUE,0,18,30,""
"pool74_asis_mahalanobis","nearest","mahalanobis","largest","log10_Length",FALSE,NA,NA,NA,"The argument to `m.order` should be one of ""data"", ""random"", ""closest"",
or ""farthest""."
"pool74_asis_mahalanobis","nearest","mahalanobis","closest","log10_Length",TRUE,1,18,30,""
"pool74_asis_mahalanobis","nearest","mahalanobis","data","log10_Length",TRUE,0,18,30,""
"pool74_asis_mahalanobis","nearest","mahalanobis","random","log10_Length",TRUE,1,18,30,""
"pool74_asis_mahalanobis","nearest","mahalanobis","farthest","log10_Length",TRUE,2,18,30,""
"pool74_asis_mahalanobis","optimal","mahalanobis","<default>","log10_Length",TRUE,1,18,30,""
"pool74_asis_glm","nearest","glm","<default>","log10_Length",TRUE,1,17,30,""
"pool74_asis_glm","nearest","glm","largest","log10_Length",TRUE,1,17,30,""
"pool74_asis_glm","nearest","glm","closest","log10_Length",TRUE,1,18,30,""
"pool74_asis_glm","nearest","glm","data","log10_Length",TRUE,0,18,30,""
"pool74_asis_glm","nearest","glm","random","log10_Length",TRUE,1,18,30,""
"pool74_asis_glm","nearest","glm","farthest","log10_Length",TRUE,2,18,30,""
"pool74_asis_glm","optimal","glm","<default>","log10_Length",TRUE,0,19,30,""
"pool74_asis_gam","nearest","gam","<default>","log10_Length",TRUE,1,17,30,""
"pool74_asis_gam","nearest","gam","largest","log10_Length",TRUE,1,17,30,""
"pool74_asis_gam","nearest","gam","closest","log10_Length",TRUE,1,18,30,""
"pool74_asis_gam","nearest","gam","data","log10_Length",TRUE,0,18,30,""
"pool74_asis_gam","nearest","gam","random","log10_Length",TRUE,1,18,30,""
"pool74_asis_gam","nearest","gam","farthest","log10_Length",TRUE,2,18,30,""
"pool74_asis_gam","optimal","gam","<default>","log10_Length",TRUE,0,19,30,""
"pool74_asis_mahalanobis","nearest","mahalanobis","<default>","GC_pct",TRUE,0,17,30,""
"pool74_asis_mahalanobis","nearest","mahalanobis","largest","GC_pct",FALSE,NA,NA,NA,"The argument to `m.order` should be one of ""data"", ""random"", ""closest"",
or ""farthest""."
"pool74_asis_mahalanobis","nearest","mahalanobis","closest","GC_pct",TRUE,0,17,30,""
"pool74_asis_mahalanobis","nearest","mahalanobis","data","GC_pct",TRUE,0,17,30,""
"pool74_asis_mahalanobis","nearest","mahalanobis","random","GC_pct",TRUE,1,17,30,""
"pool74_asis_mahalanobis","nearest","mahalanobis","farthest","GC_pct",TRUE,0,17,30,""
"pool74_asis_mahalanobis","optimal","mahalanobis","<default>","GC_pct",TRUE,0,19,30,""
"pool74_asis_glm","nearest","glm","<default>","GC_pct",TRUE,0,17,30,""
"pool74_asis_glm","nearest","glm","largest","GC_pct",TRUE,0,17,30,""
"pool74_asis_glm","nearest","glm","closest","GC_pct",TRUE,0,17,30,""
"pool74_asis_glm","nearest","glm","data","GC_pct",TRUE,0,17,30,""
"pool74_asis_glm","nearest","glm","random","GC_pct",TRUE,1,17,30,""
"pool74_asis_glm","nearest","glm","farthest","GC_pct",TRUE,0,17,30,""
"pool74_asis_glm","optimal","glm","<default>","GC_pct",TRUE,0,19,30,""
"pool74_asis_gam","nearest","gam","<default>","GC_pct",TRUE,0,17,30,""
"pool74_asis_gam","nearest","gam","largest","GC_pct",TRUE,0,17,30,""
"pool74_asis_gam","nearest","gam","closest","GC_pct",TRUE,0,17,30,""
"pool74_asis_gam","nearest","gam","data","GC_pct",TRUE,0,17,30,""
"pool74_asis_gam","nearest","gam","random","GC_pct",TRUE,1,17,30,""
"pool74_asis_gam","nearest","gam","farthest","GC_pct",TRUE,0,17,30,""
"pool74_asis_gam","optimal","gam","<default>","GC_pct",TRUE,0,19,30,""
"pool74_asis_mahalanobis","nearest","mahalanobis","<default>","eQTL_SNPs_Mean",TRUE,1,19,30,""
"pool74_asis_mahalanobis","nearest","mahalanobis","largest","eQTL_SNPs_Mean",FALSE,NA,NA,NA,"The argument to `m.order` should be one of ""data"", ""random"", ""closest"",
or ""farthest""."
"pool74_asis_mahalanobis","nearest","mahalanobis","closest","eQTL_SNPs_Mean",TRUE,1,19,30,""
"pool74_asis_mahalanobis","nearest","mahalanobis","data","eQTL_SNPs_Mean",TRUE,1,19,30,""
"pool74_asis_mahalanobis","nearest","mahalanobis","random","eQTL_SNPs_Mean",TRUE,2,19,30,""
"pool74_asis_mahalanobis","nearest","mahalanobis","farthest","eQTL_SNPs_Mean",TRUE,1,19,30,""
"pool74_asis_mahalanobis","optimal","mahalanobis","<default>","eQTL_SNPs_Mean",TRUE,1,5,30,""
"pool74_asis_glm","nearest","glm","<default>","eQTL_SNPs_Mean",TRUE,1,19,30,""
"pool74_asis_glm","nearest","glm","largest","eQTL_SNPs_Mean",TRUE,1,19,30,""
"pool74_asis_glm","nearest","glm","closest","eQTL_SNPs_Mean",TRUE,1,19,30,""
"pool74_asis_glm","nearest","glm","data","eQTL_SNPs_Mean",TRUE,1,19,30,""
"pool74_asis_glm","nearest","glm","random","eQTL_SNPs_Mean",TRUE,2,19,30,""
"pool74_asis_glm","nearest","glm","farthest","eQTL_SNPs_Mean",TRUE,1,19,30,""
"pool74_asis_glm","optimal","glm","<default>","eQTL_SNPs_Mean",TRUE,1,19,30,""
"pool74_asis_gam","nearest","gam","<default>","eQTL_SNPs_Mean",TRUE,1,19,30,""
"pool74_asis_gam","nearest","gam","largest","eQTL_SNPs_Mean",TRUE,1,19,30,""
"pool74_asis_gam","nearest","gam","closest","eQTL_SNPs_Mean",TRUE,1,19,30,""
"pool74_asis_gam","nearest","gam","data","eQTL_SNPs_Mean",TRUE,1,19,30,""
"pool74_asis_gam","nearest","gam","random","eQTL_SNPs_Mean",TRUE,2,19,30,""
"pool74_asis_gam","nearest","gam","farthest","eQTL_SNPs_Mean",TRUE,1,19,30,""
"pool74_asis_gam","optimal","gam","<default>","eQTL_SNPs_Mean",TRUE,1,19,30,""
"pool74_gene_mahalanobis","nearest","mahalanobis","<default>","log10_Length+GC_pct+eQTL_SNPs_Mean",TRUE,1,24,30,""
"pool74_gene_mahalanobis","nearest","mahalanobis","largest","log10_Length+GC_pct+eQTL_SNPs_Mean",FALSE,NA,NA,NA,"The argument to `m.order` should be one of ""data"", ""random"", ""closest"",
or ""farthest""."
"pool74_gene_mahalanobis","nearest","mahalanobis","closest","log10_Length+GC_pct+eQTL_SNPs_Mean",TRUE,2,26,30,""
"pool74_gene_mahalanobis","nearest","mahalanobis","data","log10_Length+GC_pct+eQTL_SNPs_Mean",TRUE,1,24,30,""
"pool74_gene_mahalanobis","nearest","mahalanobis","random","log10_Length+GC_pct+eQTL_SNPs_Mean",TRUE,1,25,30,""
"pool74_gene_mahalanobis","nearest","mahalanobis","farthest","log10_Length+GC_pct+eQTL_SNPs_Mean",TRUE,1,24,30,""
"pool74_gene_mahalanobis","optimal","mahalanobis","<default>","log10_Length+GC_pct+eQTL_SNPs_Mean",TRUE,2,26,30,""
"pool74_gene_glm","nearest","glm","<default>","log10_Length+GC_pct+eQTL_SNPs_Mean",TRUE,1,22,30,""
"pool74_gene_glm","nearest","glm","largest","log10_Length+GC_pct+eQTL_SNPs_Mean",TRUE,1,22,30,""
"pool74_gene_glm","nearest","glm","closest","log10_Length+GC_pct+eQTL_SNPs_Mean",TRUE,0,23,30,""
"pool74_gene_glm","nearest","glm","data","log10_Length+GC_pct+eQTL_SNPs_Mean",TRUE,0,22,30,""
"pool74_gene_glm","nearest","glm","random","log10_Length+GC_pct+eQTL_SNPs_Mean",TRUE,1,22,30,""
"pool74_gene_glm","nearest","glm","farthest","log10_Length+GC_pct+eQTL_SNPs_Mean",TRUE,1,21,30,""
"pool74_gene_glm","optimal","glm","<default>","log10_Length+GC_pct+eQTL_SNPs_Mean",TRUE,0,23,30,""
"pool74_gene_gam","nearest","gam","<default>","log10_Length+GC_pct+eQTL_SNPs_Mean",TRUE,1,22,30,""
"pool74_gene_gam","nearest","gam","largest","log10_Length+GC_pct+eQTL_SNPs_Mean",TRUE,1,22,30,""
"pool74_gene_gam","nearest","gam","closest","log10_Length+GC_pct+eQTL_SNPs_Mean",TRUE,0,23,30,""
"pool74_gene_gam","nearest","gam","data","log10_Length+GC_pct+eQTL_SNPs_Mean",TRUE,0,22,30,""
"pool74_gene_gam","nearest","gam","random","log10_Length+GC_pct+eQTL_SNPs_Mean",TRUE,1,22,30,""
"pool74_gene_gam","nearest","gam","farthest","log10_Length+GC_pct+eQTL_SNPs_Mean",TRUE,1,21,30,""
"pool74_gene_gam","optimal","gam","<default>","log10_Length+GC_pct+eQTL_SNPs_Mean",TRUE,0,23,30,""
"pool74_gene_mahalanobis","nearest","mahalanobis","<default>","log10_Length+GC_pct",TRUE,0,21,30,""
"pool74_gene_mahalanobis","nearest","mahalanobis","largest","log10_Length+GC_pct",FALSE,NA,NA,NA,"The argument to `m.order` should be one of ""data"", ""random"", ""closest"",
or ""farthest""."
"pool74_gene_mahalanobis","nearest","mahalanobis","closest","log10_Length+GC_pct",TRUE,0,21,30,""
"pool74_gene_mahalanobis","nearest","mahalanobis","data","log10_Length+GC_pct",TRUE,0,21,30,""
"pool74_gene_mahalanobis","nearest","mahalanobis","random","log10_Length+GC_pct",TRUE,0,21,30,""
"pool74_gene_mahalanobis","nearest","mahalanobis","farthest","log10_Length+GC_pct",TRUE,0,21,30,""
"pool74_gene_mahalanobis","optimal","mahalanobis","<default>","log10_Length+GC_pct",TRUE,0,21,30,""
"pool74_gene_glm","nearest","glm","<default>","log10_Length+GC_pct",TRUE,0,19,30,""
"pool74_gene_glm","nearest","glm","largest","log10_Length+GC_pct",TRUE,0,19,30,""
"pool74_gene_glm","nearest","glm","closest","log10_Length+GC_pct",TRUE,2,21,30,""
"pool74_gene_glm","nearest","glm","data","log10_Length+GC_pct",TRUE,0,21,30,""
"pool74_gene_glm","nearest","glm","random","log10_Length+GC_pct",TRUE,2,21,30,""
"pool74_gene_glm","nearest","glm","farthest","log10_Length+GC_pct",TRUE,0,19,30,""
"pool74_gene_glm","optimal","glm","<default>","log10_Length+GC_pct",TRUE,0,22,30,""
"pool74_gene_gam","nearest","gam","<default>","log10_Length+GC_pct",TRUE,0,19,30,""
"pool74_gene_gam","nearest","gam","largest","log10_Length+GC_pct",TRUE,0,19,30,""
"pool74_gene_gam","nearest","gam","closest","log10_Length+GC_pct",TRUE,2,21,30,""
"pool74_gene_gam","nearest","gam","data","log10_Length+GC_pct",TRUE,0,21,30,""
"pool74_gene_gam","nearest","gam","random","log10_Length+GC_pct",TRUE,2,21,30,""
"pool74_gene_gam","nearest","gam","farthest","log10_Length+GC_pct",TRUE,0,19,30,""
"pool74_gene_gam","optimal","gam","<default>","log10_Length+GC_pct",TRUE,0,22,30,""
"pool74_gene_mahalanobis","nearest","mahalanobis","<default>","log10_Length+eQTL_SNPs_Mean",TRUE,2,20,30,""
"pool74_gene_mahalanobis","nearest","mahalanobis","largest","log10_Length+eQTL_SNPs_Mean",FALSE,NA,NA,NA,"The argument to `m.order` should be one of ""data"", ""random"", ""closest"",
or ""farthest""."
"pool74_gene_mahalanobis","nearest","mahalanobis","closest","log10_Length+eQTL_SNPs_Mean",TRUE,2,20,30,""
"pool74_gene_mahalanobis","nearest","mahalanobis","data","log10_Length+eQTL_SNPs_Mean",TRUE,2,20,30,""
"pool74_gene_mahalanobis","nearest","mahalanobis","random","log10_Length+eQTL_SNPs_Mean",TRUE,2,21,30,""
"pool74_gene_mahalanobis","nearest","mahalanobis","farthest","log10_Length+eQTL_SNPs_Mean",TRUE,4,22,30,""
"pool74_gene_mahalanobis","optimal","mahalanobis","<default>","log10_Length+eQTL_SNPs_Mean",TRUE,2,20,30,""
"pool74_gene_glm","nearest","glm","<default>","log10_Length+eQTL_SNPs_Mean",TRUE,0,21,30,""
"pool74_gene_glm","nearest","glm","largest","log10_Length+eQTL_SNPs_Mean",TRUE,0,21,30,""
"pool74_gene_glm","nearest","glm","closest","log10_Length+eQTL_SNPs_Mean",TRUE,0,21,30,""
"pool74_gene_glm","nearest","glm","data","log10_Length+eQTL_SNPs_Mean",TRUE,0,20,30,""
"pool74_gene_glm","nearest","glm","random","log10_Length+eQTL_SNPs_Mean",TRUE,0,21,30,""
"pool74_gene_glm","nearest","glm","farthest","log10_Length+eQTL_SNPs_Mean",TRUE,0,20,30,""
"pool74_gene_glm","optimal","glm","<default>","log10_Length+eQTL_SNPs_Mean",TRUE,0,20,30,""
"pool74_gene_gam","nearest","gam","<default>","log10_Length+eQTL_SNPs_Mean",TRUE,0,21,30,""
"pool74_gene_gam","nearest","gam","largest","log10_Length+eQTL_SNPs_Mean",TRUE,0,21,30,""
"pool74_gene_gam","nearest","gam","closest","log10_Length+eQTL_SNPs_Mean",TRUE,0,21,30,""
"pool74_gene_gam","nearest","gam","data","log10_Length+eQTL_SNPs_Mean",TRUE,0,20,30,""
"pool74_gene_gam","nearest","gam","random","log10_Length+eQTL_SNPs_Mean",TRUE,0,21,30,""
"pool74_gene_gam","nearest","gam","farthest","log10_Length+eQTL_SNPs_Mean",TRUE,0,20,30,""
"pool74_gene_gam","optimal","gam","<default>","log10_Length+eQTL_SNPs_Mean",TRUE,0,20,30,""
"pool74_gene_mahalanobis","nearest","mahalanobis","<default>","GC_pct+eQTL_SNPs_Mean",TRUE,1,19,30,""
"pool74_gene_mahalanobis","nearest","mahalanobis","largest","GC_pct+eQTL_SNPs_Mean",FALSE,NA,NA,NA,"The argument to `m.order` should be one of ""data"", ""random"", ""closest"",
or ""farthest""."
"pool74_gene_mahalanobis","nearest","mahalanobis","closest","GC_pct+eQTL_SNPs_Mean",TRUE,1,20,30,""
"pool74_gene_mahalanobis","nearest","mahalanobis","data","GC_pct+eQTL_SNPs_Mean",TRUE,1,19,30,""
"pool74_gene_mahalanobis","nearest","mahalanobis","random","GC_pct+eQTL_SNPs_Mean",TRUE,2,19,30,""
"pool74_gene_mahalanobis","nearest","mahalanobis","farthest","GC_pct+eQTL_SNPs_Mean",TRUE,3,20,30,""
"pool74_gene_mahalanobis","optimal","mahalanobis","<default>","GC_pct+eQTL_SNPs_Mean",TRUE,3,19,30,""
"pool74_gene_glm","nearest","glm","<default>","GC_pct+eQTL_SNPs_Mean",TRUE,1,20,30,""
"pool74_gene_glm","nearest","glm","largest","GC_pct+eQTL_SNPs_Mean",TRUE,1,20,30,""
"pool74_gene_glm","nearest","glm","closest","GC_pct+eQTL_SNPs_Mean",TRUE,0,19,30,""
"pool74_gene_glm","nearest","glm","data","GC_pct+eQTL_SNPs_Mean",TRUE,1,19,30,""
"pool74_gene_glm","nearest","glm","random","GC_pct+eQTL_SNPs_Mean",TRUE,0,19,30,""
"pool74_gene_glm","nearest","glm","farthest","GC_pct+eQTL_SNPs_Mean",TRUE,1,19,30,""
"pool74_gene_glm","optimal","glm","<default>","GC_pct+eQTL_SNPs_Mean",TRUE,2,17,30,""
"pool74_gene_gam","nearest","gam","<default>","GC_pct+eQTL_SNPs_Mean",TRUE,1,20,30,""
"pool74_gene_gam","nearest","gam","largest","GC_pct+eQTL_SNPs_Mean",TRUE,1,20,30,""
"pool74_gene_gam","nearest","gam","closest","GC_pct+eQTL_SNPs_Mean",TRUE,0,19,30,""
"pool74_gene_gam","nearest","gam","data","GC_pct+eQTL_SNPs_Mean",TRUE,1,19,30,""
"pool74_gene_gam","nearest","gam","random","GC_pct+eQTL_SNPs_Mean",TRUE,0,19,30,""
"pool74_gene_gam","nearest","gam","farthest","GC_pct+eQTL_SNPs_Mean",TRUE,1,19,30,""
"pool74_gene_gam","optimal","gam","<default>","GC_pct+eQTL_SNPs_Mean",TRUE,2,17,30,""
"pool74_gene_mahalanobis","nearest","mahalanobis","<default>","log10_Length",TRUE,0,18,30,""
"pool74_gene_mahalanobis","nearest","mahalanobis","largest","log10_Length",FALSE,NA,NA,NA,"The argument to `m.order` should be one of ""data"", ""random"", ""closest"",
or ""farthest""."
"pool74_gene_mahalanobis","nearest","mahalanobis","closest","log10_Length",TRUE,1,18,30,""
"pool74_gene_mahalanobis","nearest","mahalanobis","data","log10_Length",TRUE,0,18,30,""
"pool74_gene_mahalanobis","nearest","mahalanobis","random","log10_Length",TRUE,1,18,30,""
"pool74_gene_mahalanobis","nearest","mahalanobis","farthest","log10_Length",TRUE,2,18,30,""
"pool74_gene_mahalanobis","optimal","mahalanobis","<default>","log10_Length",TRUE,1,18,30,""
"pool74_gene_glm","nearest","glm","<default>","log10_Length",TRUE,1,17,30,""
"pool74_gene_glm","nearest","glm","largest","log10_Length",TRUE,1,17,30,""
"pool74_gene_glm","nearest","glm","closest","log10_Length",TRUE,1,18,30,""
"pool74_gene_glm","nearest","glm","data","log10_Length",TRUE,0,18,30,""
"pool74_gene_glm","nearest","glm","random","log10_Length",TRUE,1,18,30,""
"pool74_gene_glm","nearest","glm","farthest","log10_Length",TRUE,2,18,30,""
"pool74_gene_glm","optimal","glm","<default>","log10_Length",TRUE,0,19,30,""
"pool74_gene_gam","nearest","gam","<default>","log10_Length",TRUE,1,17,30,""
"pool74_gene_gam","nearest","gam","largest","log10_Length",TRUE,1,17,30,""
"pool74_gene_gam","nearest","gam","closest","log10_Length",TRUE,1,18,30,""
"pool74_gene_gam","nearest","gam","data","log10_Length",TRUE,0,18,30,""
"pool74_gene_gam","nearest","gam","random","log10_Length",TRUE,1,18,30,""
"pool74_gene_gam","nearest","gam","farthest","log10_Length",TRUE,2,18,30,""
"pool74_gene_gam","optimal","gam","<default>","log10_Length",TRUE,0,19,30,""
"pool74_gene_mahalanobis","nearest","mahalanobis","<default>","GC_pct",TRUE,0,18,30,""
"pool74_gene_mahalanobis","nearest","mahalanobis","largest","GC_pct",FALSE,NA,NA,NA,"The argument to `m.order` should be one of ""data"", ""random"", ""closest"",
or ""farthest""."
"pool74_gene_mahalanobis","nearest","mahalanobis","closest","GC_pct",TRUE,0,18,30,""
"pool74_gene_mahalanobis","nearest","mahalanobis","data","GC_pct",TRUE,0,18,30,""
"pool74_gene_mahalanobis","nearest","mahalanobis","random","GC_pct",TRUE,1,18,30,""
"pool74_gene_mahalanobis","nearest","mahalanobis","farthest","GC_pct",TRUE,0,18,30,""
"pool74_gene_mahalanobis","optimal","mahalanobis","<default>","GC_pct",TRUE,0,19,30,""
"pool74_gene_glm","nearest","glm","<default>","GC_pct",TRUE,0,18,30,""
"pool74_gene_glm","nearest","glm","largest","GC_pct",TRUE,0,18,30,""
"pool74_gene_glm","nearest","glm","closest","GC_pct",TRUE,0,18,30,""
"pool74_gene_glm","nearest","glm","data","GC_pct",TRUE,0,18,30,""
"pool74_gene_glm","nearest","glm","random","GC_pct",TRUE,1,18,30,""
"pool74_gene_glm","nearest","glm","farthest","GC_pct",TRUE,0,18,30,""
"pool74_gene_glm","optimal","glm","<default>","GC_pct",TRUE,0,18,30,""
"pool74_gene_gam","nearest","gam","<default>","GC_pct",TRUE,0,18,30,""
"pool74_gene_gam","nearest","gam","largest","GC_pct",TRUE,0,18,30,""
"pool74_gene_gam","nearest","gam","closest","GC_pct",TRUE,0,18,30,""
"pool74_gene_gam","nearest","gam","data","GC_pct",TRUE,0,18,30,""
"pool74_gene_gam","nearest","gam","random","GC_pct",TRUE,1,18,30,""
"pool74_gene_gam","nearest","gam","farthest","GC_pct",TRUE,0,18,30,""
"pool74_gene_gam","optimal","gam","<default>","GC_pct",TRUE,0,18,30,""
"pool74_gene_mahalanobis","nearest","mahalanobis","<default>","eQTL_SNPs_Mean",TRUE,1,17,30,""
"pool74_gene_mahalanobis","nearest","mahalanobis","largest","eQTL_SNPs_Mean",FALSE,NA,NA,NA,"The argument to `m.order` should be one of ""data"", ""random"", ""closest"",
or ""farthest""."
"pool74_gene_mahalanobis","nearest","mahalanobis","closest","eQTL_SNPs_Mean",TRUE,1,16,30,""
"pool74_gene_mahalanobis","nearest","mahalanobis","data","eQTL_SNPs_Mean",TRUE,1,17,30,""
"pool74_gene_mahalanobis","nearest","mahalanobis","random","eQTL_SNPs_Mean",TRUE,1,16,30,""
"pool74_gene_mahalanobis","nearest","mahalanobis","farthest","eQTL_SNPs_Mean",TRUE,2,16,30,""
"pool74_gene_mahalanobis","optimal","mahalanobis","<default>","eQTL_SNPs_Mean",TRUE,0,14,30,""
"pool74_gene_glm","nearest","glm","<default>","eQTL_SNPs_Mean",TRUE,1,17,30,""
"pool74_gene_glm","nearest","glm","largest","eQTL_SNPs_Mean",TRUE,1,17,30,""
"pool74_gene_glm","nearest","glm","closest","eQTL_SNPs_Mean",TRUE,1,16,30,""
"pool74_gene_glm","nearest","glm","data","eQTL_SNPs_Mean",TRUE,1,17,30,""
"pool74_gene_glm","nearest","glm","random","eQTL_SNPs_Mean",TRUE,1,16,30,""
"pool74_gene_glm","nearest","glm","farthest","eQTL_SNPs_Mean",TRUE,2,16,30,""
"pool74_gene_glm","optimal","glm","<default>","eQTL_SNPs_Mean",TRUE,1,13,30,""
"pool74_gene_gam","nearest","gam","<default>","eQTL_SNPs_Mean",TRUE,1,17,30,""
"pool74_gene_gam","nearest","gam","largest","eQTL_SNPs_Mean",TRUE,1,17,30,""
"pool74_gene_gam","nearest","gam","closest","eQTL_SNPs_Mean",TRUE,1,16,30,""
"pool74_gene_gam","nearest","gam","data","eQTL_SNPs_Mean",TRUE,1,17,30,""
"pool74_gene_gam","nearest","gam","random","eQTL_SNPs_Mean",TRUE,1,16,30,""
"pool74_gene_gam","nearest","gam","farthest","eQTL_SNPs_Mean",TRUE,2,16,30,""
"pool74_gene_gam","optimal","gam","<default>","eQTL_SNPs_Mean",TRUE,1,13,30,""
"pool74_pd_desc_mahalanobis","nearest","mahalanobis","<default>","log10_Length+GC_pct+eQTL_SNPs_Mean",TRUE,1,25,30,""
"pool74_pd_desc_mahalanobis","nearest","mahalanobis","largest","log10_Length+GC_pct+eQTL_SNPs_Mean",FALSE,NA,NA,NA,"The argument to `m.order` should be one of ""data"", ""random"", ""closest"",
or ""farthest""."
"pool74_pd_desc_mahalanobis","nearest","mahalanobis","closest","log10_Length+GC_pct+eQTL_SNPs_Mean",TRUE,2,26,30,""
"pool74_pd_desc_mahalanobis","nearest","mahalanobis","data","log10_Length+GC_pct+eQTL_SNPs_Mean",TRUE,1,25,30,""
"pool74_pd_desc_mahalanobis","nearest","mahalanobis","random","log10_Length+GC_pct+eQTL_SNPs_Mean",TRUE,1,25,30,""
"pool74_pd_desc_mahalanobis","nearest","mahalanobis","farthest","log10_Length+GC_pct+eQTL_SNPs_Mean",TRUE,1,24,30,""
"pool74_pd_desc_mahalanobis","optimal","mahalanobis","<default>","log10_Length+GC_pct+eQTL_SNPs_Mean",TRUE,2,26,30,""
"pool74_pd_desc_glm","nearest","glm","<default>","log10_Length+GC_pct+eQTL_SNPs_Mean",TRUE,1,22,30,""
"pool74_pd_desc_glm","nearest","glm","largest","log10_Length+GC_pct+eQTL_SNPs_Mean",TRUE,1,22,30,""
"pool74_pd_desc_glm","nearest","glm","closest","log10_Length+GC_pct+eQTL_SNPs_Mean",TRUE,0,23,30,""
"pool74_pd_desc_glm","nearest","glm","data","log10_Length+GC_pct+eQTL_SNPs_Mean",TRUE,0,23,30,""
"pool74_pd_desc_glm","nearest","glm","random","log10_Length+GC_pct+eQTL_SNPs_Mean",TRUE,1,20,30,""
"pool74_pd_desc_glm","nearest","glm","farthest","log10_Length+GC_pct+eQTL_SNPs_Mean",TRUE,1,21,30,""
"pool74_pd_desc_glm","optimal","glm","<default>","log10_Length+GC_pct+eQTL_SNPs_Mean",TRUE,0,23,30,""
"pool74_pd_desc_gam","nearest","gam","<default>","log10_Length+GC_pct+eQTL_SNPs_Mean",TRUE,1,22,30,""
"pool74_pd_desc_gam","nearest","gam","largest","log10_Length+GC_pct+eQTL_SNPs_Mean",TRUE,1,22,30,""
"pool74_pd_desc_gam","nearest","gam","closest","log10_Length+GC_pct+eQTL_SNPs_Mean",TRUE,0,23,30,""
"pool74_pd_desc_gam","nearest","gam","data","log10_Length+GC_pct+eQTL_SNPs_Mean",TRUE,0,23,30,""
"pool74_pd_desc_gam","nearest","gam","random","log10_Length+GC_pct+eQTL_SNPs_Mean",TRUE,1,20,30,""
"pool74_pd_desc_gam","nearest","gam","farthest","log10_Length+GC_pct+eQTL_SNPs_Mean",TRUE,1,21,30,""
"pool74_pd_desc_gam","optimal","gam","<default>","log10_Length+GC_pct+eQTL_SNPs_Mean",TRUE,0,23,30,""
"pool74_pd_desc_mahalanobis","nearest","mahalanobis","<default>","log10_Length+GC_pct",TRUE,0,21,30,""
"pool74_pd_desc_mahalanobis","nearest","mahalanobis","largest","log10_Length+GC_pct",FALSE,NA,NA,NA,"The argument to `m.order` should be one of ""data"", ""random"", ""closest"",
or ""farthest""."
"pool74_pd_desc_mahalanobis","nearest","mahalanobis","closest","log10_Length+GC_pct",TRUE,0,21,30,""
"pool74_pd_desc_mahalanobis","nearest","mahalanobis","data","log10_Length+GC_pct",TRUE,0,21,30,""
"pool74_pd_desc_mahalanobis","nearest","mahalanobis","random","log10_Length+GC_pct",TRUE,0,21,30,""
"pool74_pd_desc_mahalanobis","nearest","mahalanobis","farthest","log10_Length+GC_pct",TRUE,0,21,30,""
"pool74_pd_desc_mahalanobis","optimal","mahalanobis","<default>","log10_Length+GC_pct",TRUE,0,21,30,""
"pool74_pd_desc_glm","nearest","glm","<default>","log10_Length+GC_pct",TRUE,0,19,30,""
"pool74_pd_desc_glm","nearest","glm","largest","log10_Length+GC_pct",TRUE,0,19,30,""
"pool74_pd_desc_glm","nearest","glm","closest","log10_Length+GC_pct",TRUE,2,21,30,""
"pool74_pd_desc_glm","nearest","glm","data","log10_Length+GC_pct",TRUE,1,20,30,""
"pool74_pd_desc_glm","nearest","glm","random","log10_Length+GC_pct",TRUE,1,20,30,""
"pool74_pd_desc_glm","nearest","glm","farthest","log10_Length+GC_pct",TRUE,0,19,30,""
"pool74_pd_desc_glm","optimal","glm","<default>","log10_Length+GC_pct",TRUE,1,22,30,""
"pool74_pd_desc_gam","nearest","gam","<default>","log10_Length+GC_pct",TRUE,0,19,30,""
"pool74_pd_desc_gam","nearest","gam","largest","log10_Length+GC_pct",TRUE,0,19,30,""
"pool74_pd_desc_gam","nearest","gam","closest","log10_Length+GC_pct",TRUE,2,21,30,""
"pool74_pd_desc_gam","nearest","gam","data","log10_Length+GC_pct",TRUE,1,20,30,""
"pool74_pd_desc_gam","nearest","gam","random","log10_Length+GC_pct",TRUE,1,20,30,""
"pool74_pd_desc_gam","nearest","gam","farthest","log10_Length+GC_pct",TRUE,0,19,30,""
"pool74_pd_desc_gam","optimal","gam","<default>","log10_Length+GC_pct",TRUE,1,22,30,""
"pool74_pd_desc_mahalanobis","nearest","mahalanobis","<default>","log10_Length+eQTL_SNPs_Mean",TRUE,3,22,30,""
"pool74_pd_desc_mahalanobis","nearest","mahalanobis","largest","log10_Length+eQTL_SNPs_Mean",FALSE,NA,NA,NA,"The argument to `m.order` should be one of ""data"", ""random"", ""closest"",
or ""farthest""."
"pool74_pd_desc_mahalanobis","nearest","mahalanobis","closest","log10_Length+eQTL_SNPs_Mean",TRUE,2,20,30,""
"pool74_pd_desc_mahalanobis","nearest","mahalanobis","data","log10_Length+eQTL_SNPs_Mean",TRUE,3,22,30,""
"pool74_pd_desc_mahalanobis","nearest","mahalanobis","random","log10_Length+eQTL_SNPs_Mean",TRUE,3,21,30,""
"pool74_pd_desc_mahalanobis","nearest","mahalanobis","farthest","log10_Length+eQTL_SNPs_Mean",TRUE,4,22,30,""
"pool74_pd_desc_mahalanobis","optimal","mahalanobis","<default>","log10_Length+eQTL_SNPs_Mean",TRUE,2,20,30,""
"pool74_pd_desc_glm","nearest","glm","<default>","log10_Length+eQTL_SNPs_Mean",TRUE,0,21,30,""
"pool74_pd_desc_glm","nearest","glm","largest","log10_Length+eQTL_SNPs_Mean",TRUE,0,21,30,""
"pool74_pd_desc_glm","nearest","glm","closest","log10_Length+eQTL_SNPs_Mean",TRUE,0,21,30,""
"pool74_pd_desc_glm","nearest","glm","data","log10_Length+eQTL_SNPs_Mean",TRUE,1,21,30,""
"pool74_pd_desc_glm","nearest","glm","random","log10_Length+eQTL_SNPs_Mean",TRUE,0,21,30,""
"pool74_pd_desc_glm","nearest","glm","farthest","log10_Length+eQTL_SNPs_Mean",TRUE,0,20,30,""
"pool74_pd_desc_glm","optimal","glm","<default>","log10_Length+eQTL_SNPs_Mean",TRUE,0,20,30,""
"pool74_pd_desc_gam","nearest","gam","<default>","log10_Length+eQTL_SNPs_Mean",TRUE,0,21,30,""
"pool74_pd_desc_gam","nearest","gam","largest","log10_Length+eQTL_SNPs_Mean",TRUE,0,21,30,""
"pool74_pd_desc_gam","nearest","gam","closest","log10_Length+eQTL_SNPs_Mean",TRUE,0,21,30,""
"pool74_pd_desc_gam","nearest","gam","data","log10_Length+eQTL_SNPs_Mean",TRUE,1,21,30,""
"pool74_pd_desc_gam","nearest","gam","random","log10_Length+eQTL_SNPs_Mean",TRUE,0,21,30,""
"pool74_pd_desc_gam","nearest","gam","farthest","log10_Length+eQTL_SNPs_Mean",TRUE,0,20,30,""
"pool74_pd_desc_gam","optimal","gam","<default>","log10_Length+eQTL_SNPs_Mean",TRUE,0,20,30,""
"pool74_pd_desc_mahalanobis","nearest","mahalanobis","<default>","GC_pct+eQTL_SNPs_Mean",TRUE,2,20,30,""
"pool74_pd_desc_mahalanobis","nearest","mahalanobis","largest","GC_pct+eQTL_SNPs_Mean",FALSE,NA,NA,NA,"The argument to `m.order` should be one of ""data"", ""random"", ""closest"",
or ""farthest""."
"pool74_pd_desc_mahalanobis","nearest","mahalanobis","closest","GC_pct+eQTL_SNPs_Mean",TRUE,1,20,30,""
"pool74_pd_desc_mahalanobis","nearest","mahalanobis","data","GC_pct+eQTL_SNPs_Mean",TRUE,2,20,30,""
"pool74_pd_desc_mahalanobis","nearest","mahalanobis","random","GC_pct+eQTL_SNPs_Mean",TRUE,1,20,30,""
"pool74_pd_desc_mahalanobis","nearest","mahalanobis","farthest","GC_pct+eQTL_SNPs_Mean",TRUE,3,20,30,""
"pool74_pd_desc_mahalanobis","optimal","mahalanobis","<default>","GC_pct+eQTL_SNPs_Mean",TRUE,3,19,30,""
"pool74_pd_desc_glm","nearest","glm","<default>","GC_pct+eQTL_SNPs_Mean",TRUE,1,21,30,""
"pool74_pd_desc_glm","nearest","glm","largest","GC_pct+eQTL_SNPs_Mean",TRUE,1,21,30,""
"pool74_pd_desc_glm","nearest","glm","closest","GC_pct+eQTL_SNPs_Mean",TRUE,0,20,30,""
"pool74_pd_desc_glm","nearest","glm","data","GC_pct+eQTL_SNPs_Mean",TRUE,1,20,30,""
"pool74_pd_desc_glm","nearest","glm","random","GC_pct+eQTL_SNPs_Mean",TRUE,1,21,30,""
"pool74_pd_desc_glm","nearest","glm","farthest","GC_pct+eQTL_SNPs_Mean",TRUE,1,20,30,""
"pool74_pd_desc_glm","optimal","glm","<default>","GC_pct+eQTL_SNPs_Mean",TRUE,1,20,30,""
"pool74_pd_desc_gam","nearest","gam","<default>","GC_pct+eQTL_SNPs_Mean",TRUE,1,21,30,""
"pool74_pd_desc_gam","nearest","gam","largest","GC_pct+eQTL_SNPs_Mean",TRUE,1,21,30,""
"pool74_pd_desc_gam","nearest","gam","closest","GC_pct+eQTL_SNPs_Mean",TRUE,0,20,30,""
"pool74_pd_desc_gam","nearest","gam","data","GC_pct+eQTL_SNPs_Mean",TRUE,1,20,30,""
"pool74_pd_desc_gam","nearest","gam","random","GC_pct+eQTL_SNPs_Mean",TRUE,1,21,30,""
"pool74_pd_desc_gam","nearest","gam","farthest","GC_pct+eQTL_SNPs_Mean",TRUE,1,20,30,""
"pool74_pd_desc_gam","optimal","gam","<default>","GC_pct+eQTL_SNPs_Mean",TRUE,1,20,30,""
"pool74_pd_desc_mahalanobis","nearest","mahalanobis","<default>","log10_Length",TRUE,2,18,30,""
"pool74_pd_desc_mahalanobis","nearest","mahalanobis","largest","log10_Length",FALSE,NA,NA,NA,"The argument to `m.order` should be one of ""data"", ""random"", ""closest"",
or ""farthest""."
"pool74_pd_desc_mahalanobis","nearest","mahalanobis","closest","log10_Length",TRUE,1,18,30,""
"pool74_pd_desc_mahalanobis","nearest","mahalanobis","data","log10_Length",TRUE,2,18,30,""
"pool74_pd_desc_mahalanobis","nearest","mahalanobis","random","log10_Length",TRUE,1,18,30,""
"pool74_pd_desc_mahalanobis","nearest","mahalanobis","farthest","log10_Length",TRUE,2,18,30,""
"pool74_pd_desc_mahalanobis","optimal","mahalanobis","<default>","log10_Length",TRUE,1,18,30,""
"pool74_pd_desc_glm","nearest","glm","<default>","log10_Length",TRUE,1,17,30,""
"pool74_pd_desc_glm","nearest","glm","largest","log10_Length",TRUE,1,17,30,""
"pool74_pd_desc_glm","nearest","glm","closest","log10_Length",TRUE,1,18,30,""
"pool74_pd_desc_glm","nearest","glm","data","log10_Length",TRUE,2,18,30,""
"pool74_pd_desc_glm","nearest","glm","random","log10_Length",TRUE,1,18,30,""
"pool74_pd_desc_glm","nearest","glm","farthest","log10_Length",TRUE,2,18,30,""
"pool74_pd_desc_glm","optimal","glm","<default>","log10_Length",TRUE,0,19,30,""
"pool74_pd_desc_gam","nearest","gam","<default>","log10_Length",TRUE,1,17,30,""
"pool74_pd_desc_gam","nearest","gam","largest","log10_Length",TRUE,1,17,30,""
"pool74_pd_desc_gam","nearest","gam","closest","log10_Length",TRUE,1,18,30,""
"pool74_pd_desc_gam","nearest","gam","data","log10_Length",TRUE,2,18,30,""
"pool74_pd_desc_gam","nearest","gam","random","log10_Length",TRUE,1,18,30,""
"pool74_pd_desc_gam","nearest","gam","farthest","log10_Length",TRUE,2,18,30,""
"pool74_pd_desc_gam","optimal","gam","<default>","log10_Length",TRUE,0,19,30,""
"pool74_pd_desc_mahalanobis","nearest","mahalanobis","<default>","GC_pct",TRUE,0,18,30,""
"pool74_pd_desc_mahalanobis","nearest","mahalanobis","largest","GC_pct",FALSE,NA,NA,NA,"The argument to `m.order` should be one of ""data"", ""random"", ""closest"",
or ""farthest""."
"pool74_pd_desc_mahalanobis","nearest","mahalanobis","closest","GC_pct",TRUE,0,18,30,""
"pool74_pd_desc_mahalanobis","nearest","mahalanobis","data","GC_pct",TRUE,0,18,30,""
"pool74_pd_desc_mahalanobis","nearest","mahalanobis","random","GC_pct",TRUE,1,18,30,""
"pool74_pd_desc_mahalanobis","nearest","mahalanobis","farthest","GC_pct",TRUE,0,18,30,""
"pool74_pd_desc_mahalanobis","optimal","mahalanobis","<default>","GC_pct",TRUE,0,19,30,""
"pool74_pd_desc_glm","nearest","glm","<default>","GC_pct",TRUE,0,18,30,""
"pool74_pd_desc_glm","nearest","glm","largest","GC_pct",TRUE,0,18,30,""
"pool74_pd_desc_glm","nearest","glm","closest","GC_pct",TRUE,0,18,30,""
"pool74_pd_desc_glm","nearest","glm","data","GC_pct",TRUE,0,18,30,""
"pool74_pd_desc_glm","nearest","glm","random","GC_pct",TRUE,1,18,30,""
"pool74_pd_desc_glm","nearest","glm","farthest","GC_pct",TRUE,0,18,30,""
"pool74_pd_desc_glm","optimal","glm","<default>","GC_pct",TRUE,0,20,30,""
"pool74_pd_desc_gam","nearest","gam","<default>","GC_pct",TRUE,0,18,30,""
"pool74_pd_desc_gam","nearest","gam","largest","GC_pct",TRUE,0,18,30,""
"pool74_pd_desc_gam","nearest","gam","closest","GC_pct",TRUE,0,18,30,""
"pool74_pd_desc_gam","nearest","gam","data","GC_pct",TRUE,0,18,30,""
"pool74_pd_desc_gam","nearest","gam","random","GC_pct",TRUE,1,18,30,""
"pool74_pd_desc_gam","nearest","gam","farthest","GC_pct",TRUE,0,18,30,""
"pool74_pd_desc_gam","optimal","gam","<default>","GC_pct",TRUE,0,20,30,""
"pool74_pd_desc_mahalanobis","nearest","mahalanobis","<default>","eQTL_SNPs_Mean",TRUE,2,16,30,""
"pool74_pd_desc_mahalanobis","nearest","mahalanobis","largest","eQTL_SNPs_Mean",FALSE,NA,NA,NA,"The argument to `m.order` should be one of ""data"", ""random"", ""closest"",
or ""farthest""."
"pool74_pd_desc_mahalanobis","nearest","mahalanobis","closest","eQTL_SNPs_Mean",TRUE,2,18,30,""
"pool74_pd_desc_mahalanobis","nearest","mahalanobis","data","eQTL_SNPs_Mean",TRUE,2,16,30,""
"pool74_pd_desc_mahalanobis","nearest","mahalanobis","random","eQTL_SNPs_Mean",TRUE,3,19,30,""
"pool74_pd_desc_mahalanobis","nearest","mahalanobis","farthest","eQTL_SNPs_Mean",TRUE,3,18,30,""
"pool74_pd_desc_mahalanobis","optimal","mahalanobis","<default>","eQTL_SNPs_Mean",TRUE,0,6,30,""
"pool74_pd_desc_glm","nearest","glm","<default>","eQTL_SNPs_Mean",TRUE,2,16,30,""
"pool74_pd_desc_glm","nearest","glm","largest","eQTL_SNPs_Mean",TRUE,2,16,30,""
"pool74_pd_desc_glm","nearest","glm","closest","eQTL_SNPs_Mean",TRUE,2,18,30,""
"pool74_pd_desc_glm","nearest","glm","data","eQTL_SNPs_Mean",TRUE,2,16,30,""
"pool74_pd_desc_glm","nearest","glm","random","eQTL_SNPs_Mean",TRUE,3,19,30,""
"pool74_pd_desc_glm","nearest","glm","farthest","eQTL_SNPs_Mean",TRUE,3,18,30,""
"pool74_pd_desc_glm","optimal","glm","<default>","eQTL_SNPs_Mean",TRUE,3,17,30,""
"pool74_pd_desc_gam","nearest","gam","<default>","eQTL_SNPs_Mean",TRUE,2,16,30,""
"pool74_pd_desc_gam","nearest","gam","largest","eQTL_SNPs_Mean",TRUE,2,16,30,""
"pool74_pd_desc_gam","nearest","gam","closest","eQTL_SNPs_Mean",TRUE,2,18,30,""
"pool74_pd_desc_gam","nearest","gam","data","eQTL_SNPs_Mean",TRUE,2,16,30,""
"pool74_pd_desc_gam","nearest","gam","random","eQTL_SNPs_Mean",TRUE,3,19,30,""
"pool74_pd_desc_gam","nearest","gam","farthest","eQTL_SNPs_Mean",TRUE,3,18,30,""
"pool74_pd_desc_gam","optimal","gam","<default>","eQTL_SNPs_Mean",TRUE,3,17,30,""
"pool44_asis_mahalanobis","nearest","mahalanobis","<default>","log10_Length+GC_pct+eQTL_SNPs_Mean",TRUE,1,29,30,""
"pool44_asis_mahalanobis","nearest","mahalanobis","largest","log10_Length+GC_pct+eQTL_SNPs_Mean",FALSE,NA,NA,NA,"The argument to `m.order` should be one of ""data"", ""random"", ""closest"",
or ""farthest""."
"pool44_asis_mahalanobis","nearest","mahalanobis","closest","log10_Length+GC_pct+eQTL_SNPs_Mean",TRUE,2,29,30,""
"pool44_asis_mahalanobis","nearest","mahalanobis","data","log10_Length+GC_pct+eQTL_SNPs_Mean",TRUE,1,29,30,""
"pool44_asis_mahalanobis","nearest","mahalanobis","random","log10_Length+GC_pct+eQTL_SNPs_Mean",TRUE,3,27,30,""
"pool44_asis_mahalanobis","nearest","mahalanobis","farthest","log10_Length+GC_pct+eQTL_SNPs_Mean",TRUE,2,29,30,""
"pool44_asis_mahalanobis","optimal","mahalanobis","<default>","log10_Length+GC_pct+eQTL_SNPs_Mean",TRUE,2,28,30,""
"pool44_asis_glm","nearest","glm","<default>","log10_Length+GC_pct+eQTL_SNPs_Mean",TRUE,0,25,30,""
"pool44_asis_glm","nearest","glm","largest","log10_Length+GC_pct+eQTL_SNPs_Mean",TRUE,0,25,30,""
"pool44_asis_glm","nearest","glm","closest","log10_Length+GC_pct+eQTL_SNPs_Mean",TRUE,1,24,30,""
"pool44_asis_glm","nearest","glm","data","log10_Length+GC_pct+eQTL_SNPs_Mean",TRUE,1,25,30,""
"pool44_asis_glm","nearest","glm","random","log10_Length+GC_pct+eQTL_SNPs_Mean",TRUE,2,24,30,""
"pool44_asis_glm","nearest","glm","farthest","log10_Length+GC_pct+eQTL_SNPs_Mean",TRUE,2,24,30,""
"pool44_asis_glm","optimal","glm","<default>","log10_Length+GC_pct+eQTL_SNPs_Mean",TRUE,1,24,30,""
"pool44_asis_gam","nearest","gam","<default>","log10_Length+GC_pct+eQTL_SNPs_Mean",TRUE,0,25,30,""
"pool44_asis_gam","nearest","gam","largest","log10_Length+GC_pct+eQTL_SNPs_Mean",TRUE,0,25,30,""
"pool44_asis_gam","nearest","gam","closest","log10_Length+GC_pct+eQTL_SNPs_Mean",TRUE,1,24,30,""
"pool44_asis_gam","nearest","gam","data","log10_Length+GC_pct+eQTL_SNPs_Mean",TRUE,1,25,30,""
"pool44_asis_gam","nearest","gam","random","log10_Length+GC_pct+eQTL_SNPs_Mean",TRUE,2,24,30,""
"pool44_asis_gam","nearest","gam","farthest","log10_Length+GC_pct+eQTL_SNPs_Mean",TRUE,2,24,30,""
"pool44_asis_gam","optimal","gam","<default>","log10_Length+GC_pct+eQTL_SNPs_Mean",TRUE,1,24,30,""
"pool44_asis_mahalanobis","nearest","mahalanobis","<default>","log10_Length+GC_pct",TRUE,0,24,30,""
"pool44_asis_mahalanobis","nearest","mahalanobis","largest","log10_Length+GC_pct",FALSE,NA,NA,NA,"The argument to `m.order` should be one of ""data"", ""random"", ""closest"",
or ""farthest""."
"pool44_asis_mahalanobis","nearest","mahalanobis","closest","log10_Length+GC_pct",TRUE,0,24,30,""
"pool44_asis_mahalanobis","nearest","mahalanobis","data","log10_Length+GC_pct",TRUE,0,24,30,""
"pool44_asis_mahalanobis","nearest","mahalanobis","random","log10_Length+GC_pct",TRUE,0,24,30,""
"pool44_asis_mahalanobis","nearest","mahalanobis","farthest","log10_Length+GC_pct",TRUE,0,24,30,""
"pool44_asis_mahalanobis","optimal","mahalanobis","<default>","log10_Length+GC_pct",TRUE,0,24,30,""
"pool44_asis_glm","nearest","glm","<default>","log10_Length+GC_pct",TRUE,0,23,30,""
"pool44_asis_glm","nearest","glm","largest","log10_Length+GC_pct",TRUE,0,23,30,""
"pool44_asis_glm","nearest","glm","closest","log10_Length+GC_pct",TRUE,0,24,30,""
"pool44_asis_glm","nearest","glm","data","log10_Length+GC_pct",TRUE,0,24,30,""
"pool44_asis_glm","nearest","glm","random","log10_Length+GC_pct",TRUE,1,23,30,""
"pool44_asis_glm","nearest","glm","farthest","log10_Length+GC_pct",TRUE,0,23,30,""
"pool44_asis_glm","optimal","glm","<default>","log10_Length+GC_pct",TRUE,0,23,30,""
"pool44_asis_gam","nearest","gam","<default>","log10_Length+GC_pct",TRUE,0,23,30,""
"pool44_asis_gam","nearest","gam","largest","log10_Length+GC_pct",TRUE,0,23,30,""
"pool44_asis_gam","nearest","gam","closest","log10_Length+GC_pct",TRUE,0,24,30,""
"pool44_asis_gam","nearest","gam","data","log10_Length+GC_pct",TRUE,0,24,30,""
"pool44_asis_gam","nearest","gam","random","log10_Length+GC_pct",TRUE,1,23,30,""
"pool44_asis_gam","nearest","gam","farthest","log10_Length+GC_pct",TRUE,0,23,30,""
"pool44_asis_gam","optimal","gam","<default>","log10_Length+GC_pct",TRUE,0,23,30,""
"pool44_asis_mahalanobis","nearest","mahalanobis","<default>","log10_Length+eQTL_SNPs_Mean",TRUE,2,25,30,""
"pool44_asis_mahalanobis","nearest","mahalanobis","largest","log10_Length+eQTL_SNPs_Mean",FALSE,NA,NA,NA,"The argument to `m.order` should be one of ""data"", ""random"", ""closest"",
or ""farthest""."
"pool44_asis_mahalanobis","nearest","mahalanobis","closest","log10_Length+eQTL_SNPs_Mean",TRUE,1,24,30,""
"pool44_asis_mahalanobis","nearest","mahalanobis","data","log10_Length+eQTL_SNPs_Mean",TRUE,2,25,30,""
"pool44_asis_mahalanobis","nearest","mahalanobis","random","log10_Length+eQTL_SNPs_Mean",TRUE,1,22,30,""
"pool44_asis_mahalanobis","nearest","mahalanobis","farthest","log10_Length+eQTL_SNPs_Mean",TRUE,2,24,30,""
"pool44_asis_mahalanobis","optimal","mahalanobis","<default>","log10_Length+eQTL_SNPs_Mean",TRUE,2,25,30,""
"pool44_asis_glm","nearest","glm","<default>","log10_Length+eQTL_SNPs_Mean",TRUE,1,25,30,""
"pool44_asis_glm","nearest","glm","largest","log10_Length+eQTL_SNPs_Mean",TRUE,1,25,30,""
"pool44_asis_glm","nearest","glm","closest","log10_Length+eQTL_SNPs_Mean",TRUE,1,24,30,""
"pool44_asis_glm","nearest","glm","data","log10_Length+eQTL_SNPs_Mean",TRUE,2,24,30,""
"pool44_asis_glm","nearest","glm","random","log10_Length+eQTL_SNPs_Mean",TRUE,1,24,30,""
"pool44_asis_glm","nearest","glm","farthest","log10_Length+eQTL_SNPs_Mean",TRUE,1,24,30,""
"pool44_asis_glm","optimal","glm","<default>","log10_Length+eQTL_SNPs_Mean",TRUE,0,24,30,""
"pool44_asis_gam","nearest","gam","<default>","log10_Length+eQTL_SNPs_Mean",TRUE,1,25,30,""
"pool44_asis_gam","nearest","gam","largest","log10_Length+eQTL_SNPs_Mean",TRUE,1,25,30,""
"pool44_asis_gam","nearest","gam","closest","log10_Length+eQTL_SNPs_Mean",TRUE,1,24,30,""
"pool44_asis_gam","nearest","gam","data","log10_Length+eQTL_SNPs_Mean",TRUE,2,24,30,""
"pool44_asis_gam","nearest","gam","random","log10_Length+eQTL_SNPs_Mean",TRUE,1,24,30,""
"pool44_asis_gam","nearest","gam","farthest","log10_Length+eQTL_SNPs_Mean",TRUE,1,24,30,""
"pool44_asis_gam","optimal","gam","<default>","log10_Length+eQTL_SNPs_Mean",TRUE,0,24,30,""
"pool44_asis_mahalanobis","nearest","mahalanobis","<default>","GC_pct+eQTL_SNPs_Mean",TRUE,2,26,30,""
"pool44_asis_mahalanobis","nearest","mahalanobis","largest","GC_pct+eQTL_SNPs_Mean",FALSE,NA,NA,NA,"The argument to `m.order` should be one of ""data"", ""random"", ""closest"",
or ""farthest""."
"pool44_asis_mahalanobis","nearest","mahalanobis","closest","GC_pct+eQTL_SNPs_Mean",TRUE,3,25,30,""
"pool44_asis_mahalanobis","nearest","mahalanobis","data","GC_pct+eQTL_SNPs_Mean",TRUE,2,26,30,""
"pool44_asis_mahalanobis","nearest","mahalanobis","random","GC_pct+eQTL_SNPs_Mean",TRUE,2,26,30,""
"pool44_asis_mahalanobis","nearest","mahalanobis","farthest","GC_pct+eQTL_SNPs_Mean",TRUE,3,26,30,""
"pool44_asis_mahalanobis","optimal","mahalanobis","<default>","GC_pct+eQTL_SNPs_Mean",TRUE,5,27,30,""
"pool44_asis_glm","nearest","glm","<default>","GC_pct+eQTL_SNPs_Mean",TRUE,2,25,30,""
"pool44_asis_glm","nearest","glm","largest","GC_pct+eQTL_SNPs_Mean",TRUE,2,25,30,""
"pool44_asis_glm","nearest","glm","closest","GC_pct+eQTL_SNPs_Mean",TRUE,3,26,30,""
"pool44_asis_glm","nearest","glm","data","GC_pct+eQTL_SNPs_Mean",TRUE,2,25,30,""
"pool44_asis_glm","nearest","glm","random","GC_pct+eQTL_SNPs_Mean",TRUE,2,25,30,""
"pool44_asis_glm","nearest","glm","farthest","GC_pct+eQTL_SNPs_Mean",TRUE,1,26,30,""
"pool44_asis_glm","optimal","glm","<default>","GC_pct+eQTL_SNPs_Mean",TRUE,2,25,30,""
"pool44_asis_gam","nearest","gam","<default>","GC_pct+eQTL_SNPs_Mean",TRUE,2,25,30,""
"pool44_asis_gam","nearest","gam","largest","GC_pct+eQTL_SNPs_Mean",TRUE,2,25,30,""
"pool44_asis_gam","nearest","gam","closest","GC_pct+eQTL_SNPs_Mean",TRUE,3,26,30,""
"pool44_asis_gam","nearest","gam","data","GC_pct+eQTL_SNPs_Mean",TRUE,2,25,30,""
"pool44_asis_gam","nearest","gam","random","GC_pct+eQTL_SNPs_Mean",TRUE,2,25,30,""
"pool44_asis_gam","nearest","gam","farthest","GC_pct+eQTL_SNPs_Mean",TRUE,1,26,30,""
"pool44_asis_gam","optimal","gam","<default>","GC_pct+eQTL_SNPs_Mean",TRUE,2,25,30,""
"pool44_asis_mahalanobis","nearest","mahalanobis","<default>","log10_Length",TRUE,0,22,30,""
"pool44_asis_mahalanobis","nearest","mahalanobis","largest","log10_Length",FALSE,NA,NA,NA,"The argument to `m.order` should be one of ""data"", ""random"", ""closest"",
or ""farthest""."
"pool44_asis_mahalanobis","nearest","mahalanobis","closest","log10_Length",TRUE,1,22,30,""
"pool44_asis_mahalanobis","nearest","mahalanobis","data","log10_Length",TRUE,0,22,30,""
"pool44_asis_mahalanobis","nearest","mahalanobis","random","log10_Length",TRUE,1,22,30,""
"pool44_asis_mahalanobis","nearest","mahalanobis","farthest","log10_Length",TRUE,2,22,30,""
"pool44_asis_mahalanobis","optimal","mahalanobis","<default>","log10_Length",TRUE,0,22,30,""
"pool44_asis_glm","nearest","glm","<default>","log10_Length",TRUE,0,23,30,""
"pool44_asis_glm","nearest","glm","largest","log10_Length",TRUE,0,23,30,""
"pool44_asis_glm","nearest","glm","closest","log10_Length",TRUE,1,22,30,""
"pool44_asis_glm","nearest","glm","data","log10_Length",TRUE,0,22,30,""
"pool44_asis_glm","nearest","glm","random","log10_Length",TRUE,1,22,30,""
"pool44_asis_glm","nearest","glm","farthest","log10_Length",TRUE,2,22,30,""
"pool44_asis_glm","optimal","glm","<default>","log10_Length",TRUE,1,23,30,""
"pool44_asis_gam","nearest","gam","<default>","log10_Length",TRUE,0,23,30,""
"pool44_asis_gam","nearest","gam","largest","log10_Length",TRUE,0,23,30,""
"pool44_asis_gam","nearest","gam","closest","log10_Length",TRUE,1,22,30,""
"pool44_asis_gam","nearest","gam","data","log10_Length",TRUE,0,22,30,""
"pool44_asis_gam","nearest","gam","random","log10_Length",TRUE,1,22,30,""
"pool44_asis_gam","nearest","gam","farthest","log10_Length",TRUE,2,22,30,""
"pool44_asis_gam","optimal","gam","<default>","log10_Length",TRUE,1,23,30,""
"pool44_asis_mahalanobis","nearest","mahalanobis","<default>","GC_pct",TRUE,1,23,30,""
"pool44_asis_mahalanobis","nearest","mahalanobis","largest","GC_pct",FALSE,NA,NA,NA,"The argument to `m.order` should be one of ""data"", ""random"", ""closest"",
or ""farthest""."
"pool44_asis_mahalanobis","nearest","mahalanobis","closest","GC_pct",TRUE,0,23,30,""
"pool44_asis_mahalanobis","nearest","mahalanobis","data","GC_pct",TRUE,1,23,30,""
"pool44_asis_mahalanobis","nearest","mahalanobis","random","GC_pct",TRUE,0,23,30,""
"pool44_asis_mahalanobis","nearest","mahalanobis","farthest","GC_pct",TRUE,1,23,30,""
"pool44_asis_mahalanobis","optimal","mahalanobis","<default>","GC_pct",TRUE,1,23,30,""
"pool44_asis_glm","nearest","glm","<default>","GC_pct",TRUE,1,21,30,""
"pool44_asis_glm","nearest","glm","largest","GC_pct",TRUE,1,21,30,""
"pool44_asis_glm","nearest","glm","closest","GC_pct",TRUE,0,23,30,""
"pool44_asis_glm","nearest","glm","data","GC_pct",TRUE,1,23,30,""
"pool44_asis_glm","nearest","glm","random","GC_pct",TRUE,0,23,30,""
"pool44_asis_glm","nearest","glm","farthest","GC_pct",TRUE,1,23,30,""
"pool44_asis_glm","optimal","glm","<default>","GC_pct",TRUE,1,23,30,""
"pool44_asis_gam","nearest","gam","<default>","GC_pct",TRUE,1,21,30,""
"pool44_asis_gam","nearest","gam","largest","GC_pct",TRUE,1,21,30,""
"pool44_asis_gam","nearest","gam","closest","GC_pct",TRUE,0,23,30,""
"pool44_asis_gam","nearest","gam","data","GC_pct",TRUE,1,23,30,""
"pool44_asis_gam","nearest","gam","random","GC_pct",TRUE,0,23,30,""
"pool44_asis_gam","nearest","gam","farthest","GC_pct",TRUE,1,23,30,""
"pool44_asis_gam","optimal","gam","<default>","GC_pct",TRUE,1,23,30,""
"pool44_asis_mahalanobis","nearest","mahalanobis","<default>","eQTL_SNPs_Mean",TRUE,1,21,30,""
"pool44_asis_mahalanobis","nearest","mahalanobis","largest","eQTL_SNPs_Mean",FALSE,NA,NA,NA,"The argument to `m.order` should be one of ""data"", ""random"", ""closest"",
or ""farthest""."
"pool44_asis_mahalanobis","nearest","mahalanobis","closest","eQTL_SNPs_Mean",TRUE,1,21,30,""
"pool44_asis_mahalanobis","nearest","mahalanobis","data","eQTL_SNPs_Mean",TRUE,1,21,30,""
"pool44_asis_mahalanobis","nearest","mahalanobis","random","eQTL_SNPs_Mean",TRUE,2,21,30,""
"pool44_asis_mahalanobis","nearest","mahalanobis","farthest","eQTL_SNPs_Mean",TRUE,1,21,30,""
"pool44_asis_mahalanobis","optimal","mahalanobis","<default>","eQTL_SNPs_Mean",TRUE,1,20,30,""
"pool44_asis_glm","nearest","glm","<default>","eQTL_SNPs_Mean",TRUE,1,20,30,""
"pool44_asis_glm","nearest","glm","largest","eQTL_SNPs_Mean",TRUE,1,20,30,""
"pool44_asis_glm","nearest","glm","closest","eQTL_SNPs_Mean",TRUE,1,21,30,""
"pool44_asis_glm","nearest","glm","data","eQTL_SNPs_Mean",TRUE,1,21,30,""
"pool44_asis_glm","nearest","glm","random","eQTL_SNPs_Mean",TRUE,1,21,30,""
"pool44_asis_glm","nearest","glm","farthest","eQTL_SNPs_Mean",TRUE,1,21,30,""
"pool44_asis_glm","optimal","glm","<default>","eQTL_SNPs_Mean",TRUE,2,21,30,""
"pool44_asis_gam","nearest","gam","<default>","eQTL_SNPs_Mean",TRUE,1,20,30,""
"pool44_asis_gam","nearest","gam","largest","eQTL_SNPs_Mean",TRUE,1,20,30,""
"pool44_asis_gam","nearest","gam","closest","eQTL_SNPs_Mean",TRUE,1,21,30,""
"pool44_asis_gam","nearest","gam","data","eQTL_SNPs_Mean",TRUE,1,21,30,""
"pool44_asis_gam","nearest","gam","random","eQTL_SNPs_Mean",TRUE,1,21,30,""
"pool44_asis_gam","nearest","gam","farthest","eQTL_SNPs_Mean",TRUE,1,21,30,""
"pool44_asis_gam","optimal","gam","<default>","eQTL_SNPs_Mean",TRUE,2,21,30,""
"pool44_gene_mahalanobis","nearest","mahalanobis","<default>","log10_Length+GC_pct+eQTL_SNPs_Mean",TRUE,1,29,30,""
"pool44_gene_mahalanobis","nearest","mahalanobis","largest","log10_Length+GC_pct+eQTL_SNPs_Mean",FALSE,NA,NA,NA,"The argument to `m.order` should be one of ""data"", ""random"", ""closest"",
or ""farthest""."
"pool44_gene_mahalanobis","nearest","mahalanobis","closest","log10_Length+GC_pct+eQTL_SNPs_Mean",TRUE,2,29,30,""
"pool44_gene_mahalanobis","nearest","mahalanobis","data","log10_Length+GC_pct+eQTL_SNPs_Mean",TRUE,1,29,30,""
"pool44_gene_mahalanobis","nearest","mahalanobis","random","log10_Length+GC_pct+eQTL_SNPs_Mean",TRUE,3,27,30,""
"pool44_gene_mahalanobis","nearest","mahalanobis","farthest","log10_Length+GC_pct+eQTL_SNPs_Mean",TRUE,2,29,30,""
"pool44_gene_mahalanobis","optimal","mahalanobis","<default>","log10_Length+GC_pct+eQTL_SNPs_Mean",TRUE,2,28,30,""
"pool44_gene_glm","nearest","glm","<default>","log10_Length+GC_pct+eQTL_SNPs_Mean",TRUE,0,25,30,""
"pool44_gene_glm","nearest","glm","largest","log10_Length+GC_pct+eQTL_SNPs_Mean",TRUE,0,25,30,""
"pool44_gene_glm","nearest","glm","closest","log10_Length+GC_pct+eQTL_SNPs_Mean",TRUE,1,24,30,""
"pool44_gene_glm","nearest","glm","data","log10_Length+GC_pct+eQTL_SNPs_Mean",TRUE,1,25,30,""
"pool44_gene_glm","nearest","glm","random","log10_Length+GC_pct+eQTL_SNPs_Mean",TRUE,2,24,30,""
"pool44_gene_glm","nearest","glm","farthest","log10_Length+GC_pct+eQTL_SNPs_Mean",TRUE,2,24,30,""
"pool44_gene_glm","optimal","glm","<default>","log10_Length+GC_pct+eQTL_SNPs_Mean",TRUE,1,24,30,""
"pool44_gene_gam","nearest","gam","<default>","log10_Length+GC_pct+eQTL_SNPs_Mean",TRUE,0,25,30,""
"pool44_gene_gam","nearest","gam","largest","log10_Length+GC_pct+eQTL_SNPs_Mean",TRUE,0,25,30,""
"pool44_gene_gam","nearest","gam","closest","log10_Length+GC_pct+eQTL_SNPs_Mean",TRUE,1,24,30,""
"pool44_gene_gam","nearest","gam","data","log10_Length+GC_pct+eQTL_SNPs_Mean",TRUE,1,25,30,""
"pool44_gene_gam","nearest","gam","random","log10_Length+GC_pct+eQTL_SNPs_Mean",TRUE,2,24,30,""
"pool44_gene_gam","nearest","gam","farthest","log10_Length+GC_pct+eQTL_SNPs_Mean",TRUE,2,24,30,""
"pool44_gene_gam","optimal","gam","<default>","log10_Length+GC_pct+eQTL_SNPs_Mean",TRUE,1,24,30,""
"pool44_gene_mahalanobis","nearest","mahalanobis","<default>","log10_Length+GC_pct",TRUE,0,24,30,""
"pool44_gene_mahalanobis","nearest","mahalanobis","largest","log10_Length+GC_pct",FALSE,NA,NA,NA,"The argument to `m.order` should be one of ""data"", ""random"", ""closest"",
or ""farthest""."
"pool44_gene_mahalanobis","nearest","mahalanobis","closest","log10_Length+GC_pct",TRUE,0,24,30,""
"pool44_gene_mahalanobis","nearest","mahalanobis","data","log10_Length+GC_pct",TRUE,0,24,30,""
"pool44_gene_mahalanobis","nearest","mahalanobis","random","log10_Length+GC_pct",TRUE,0,24,30,""
"pool44_gene_mahalanobis","nearest","mahalanobis","farthest","log10_Length+GC_pct",TRUE,0,24,30,""
"pool44_gene_mahalanobis","optimal","mahalanobis","<default>","log10_Length+GC_pct",TRUE,0,24,30,""
"pool44_gene_glm","nearest","glm","<default>","log10_Length+GC_pct",TRUE,0,23,30,""
"pool44_gene_glm","nearest","glm","largest","log10_Length+GC_pct",TRUE,0,23,30,""
"pool44_gene_glm","nearest","glm","closest","log10_Length+GC_pct",TRUE,0,24,30,""
"pool44_gene_glm","nearest","glm","data","log10_Length+GC_pct",TRUE,0,24,30,""
"pool44_gene_glm","nearest","glm","random","log10_Length+GC_pct",TRUE,1,23,30,""
"pool44_gene_glm","nearest","glm","farthest","log10_Length+GC_pct",TRUE,0,23,30,""
"pool44_gene_glm","optimal","glm","<default>","log10_Length+GC_pct",TRUE,0,23,30,""
"pool44_gene_gam","nearest","gam","<default>","log10_Length+GC_pct",TRUE,0,23,30,""
"pool44_gene_gam","nearest","gam","largest","log10_Length+GC_pct",TRUE,0,23,30,""
"pool44_gene_gam","nearest","gam","closest","log10_Length+GC_pct",TRUE,0,24,30,""
"pool44_gene_gam","nearest","gam","data","log10_Length+GC_pct",TRUE,0,24,30,""
"pool44_gene_gam","nearest","gam","random","log10_Length+GC_pct",TRUE,1,23,30,""
"pool44_gene_gam","nearest","gam","farthest","log10_Length+GC_pct",TRUE,0,23,30,""
"pool44_gene_gam","optimal","gam","<default>","log10_Length+GC_pct",TRUE,0,23,30,""
"pool44_gene_mahalanobis","nearest","mahalanobis","<default>","log10_Length+eQTL_SNPs_Mean",TRUE,2,25,30,""
"pool44_gene_mahalanobis","nearest","mahalanobis","largest","log10_Length+eQTL_SNPs_Mean",FALSE,NA,NA,NA,"The argument to `m.order` should be one of ""data"", ""random"", ""closest"",
or ""farthest""."
"pool44_gene_mahalanobis","nearest","mahalanobis","closest","log10_Length+eQTL_SNPs_Mean",TRUE,1,24,30,""
"pool44_gene_mahalanobis","nearest","mahalanobis","data","log10_Length+eQTL_SNPs_Mean",TRUE,2,25,30,""
"pool44_gene_mahalanobis","nearest","mahalanobis","random","log10_Length+eQTL_SNPs_Mean",TRUE,1,22,30,""
"pool44_gene_mahalanobis","nearest","mahalanobis","farthest","log10_Length+eQTL_SNPs_Mean",TRUE,2,24,30,""
"pool44_gene_mahalanobis","optimal","mahalanobis","<default>","log10_Length+eQTL_SNPs_Mean",TRUE,2,25,30,""
"pool44_gene_glm","nearest","glm","<default>","log10_Length+eQTL_SNPs_Mean",TRUE,1,25,30,""
"pool44_gene_glm","nearest","glm","largest","log10_Length+eQTL_SNPs_Mean",TRUE,1,25,30,""
"pool44_gene_glm","nearest","glm","closest","log10_Length+eQTL_SNPs_Mean",TRUE,1,24,30,""
"pool44_gene_glm","nearest","glm","data","log10_Length+eQTL_SNPs_Mean",TRUE,2,24,30,""
"pool44_gene_glm","nearest","glm","random","log10_Length+eQTL_SNPs_Mean",TRUE,1,24,30,""
"pool44_gene_glm","nearest","glm","farthest","log10_Length+eQTL_SNPs_Mean",TRUE,1,24,30,""
"pool44_gene_glm","optimal","glm","<default>","log10_Length+eQTL_SNPs_Mean",TRUE,0,24,30,""
"pool44_gene_gam","nearest","gam","<default>","log10_Length+eQTL_SNPs_Mean",TRUE,1,25,30,""
"pool44_gene_gam","nearest","gam","largest","log10_Length+eQTL_SNPs_Mean",TRUE,1,25,30,""
"pool44_gene_gam","nearest","gam","closest","log10_Length+eQTL_SNPs_Mean",TRUE,1,24,30,""
"pool44_gene_gam","nearest","gam","data","log10_Length+eQTL_SNPs_Mean",TRUE,2,24,30,""
"pool44_gene_gam","nearest","gam","random","log10_Length+eQTL_SNPs_Mean",TRUE,1,24,30,""
"pool44_gene_gam","nearest","gam","farthest","log10_Length+eQTL_SNPs_Mean",TRUE,1,24,30,""
"pool44_gene_gam","optimal","gam","<default>","log10_Length+eQTL_SNPs_Mean",TRUE,0,24,30,""
"pool44_gene_mahalanobis","nearest","mahalanobis","<default>","GC_pct+eQTL_SNPs_Mean",TRUE,2,26,30,""
"pool44_gene_mahalanobis","nearest","mahalanobis","largest","GC_pct+eQTL_SNPs_Mean",FALSE,NA,NA,NA,"The argument to `m.order` should be one of ""data"", ""random"", ""closest"",
or ""farthest""."
"pool44_gene_mahalanobis","nearest","mahalanobis","closest","GC_pct+eQTL_SNPs_Mean",TRUE,3,25,30,""
"pool44_gene_mahalanobis","nearest","mahalanobis","data","GC_pct+eQTL_SNPs_Mean",TRUE,2,26,30,""
"pool44_gene_mahalanobis","nearest","mahalanobis","random","GC_pct+eQTL_SNPs_Mean",TRUE,2,26,30,""
"pool44_gene_mahalanobis","nearest","mahalanobis","farthest","GC_pct+eQTL_SNPs_Mean",TRUE,3,26,30,""
"pool44_gene_mahalanobis","optimal","mahalanobis","<default>","GC_pct+eQTL_SNPs_Mean",TRUE,5,27,30,""
"pool44_gene_glm","nearest","glm","<default>","GC_pct+eQTL_SNPs_Mean",TRUE,2,25,30,""
"pool44_gene_glm","nearest","glm","largest","GC_pct+eQTL_SNPs_Mean",TRUE,2,25,30,""
"pool44_gene_glm","nearest","glm","closest","GC_pct+eQTL_SNPs_Mean",TRUE,3,26,30,""
"pool44_gene_glm","nearest","glm","data","GC_pct+eQTL_SNPs_Mean",TRUE,2,25,30,""
"pool44_gene_glm","nearest","glm","random","GC_pct+eQTL_SNPs_Mean",TRUE,2,25,30,""
"pool44_gene_glm","nearest","glm","farthest","GC_pct+eQTL_SNPs_Mean",TRUE,1,26,30,""
"pool44_gene_glm","optimal","glm","<default>","GC_pct+eQTL_SNPs_Mean",TRUE,2,25,30,""
"pool44_gene_gam","nearest","gam","<default>","GC_pct+eQTL_SNPs_Mean",TRUE,2,25,30,""
"pool44_gene_gam","nearest","gam","largest","GC_pct+eQTL_SNPs_Mean",TRUE,2,25,30,""
"pool44_gene_gam","nearest","gam","closest","GC_pct+eQTL_SNPs_Mean",TRUE,3,26,30,""
"pool44_gene_gam","nearest","gam","data","GC_pct+eQTL_SNPs_Mean",TRUE,2,25,30,""
"pool44_gene_gam","nearest","gam","random","GC_pct+eQTL_SNPs_Mean",TRUE,2,25,30,""
"pool44_gene_gam","nearest","gam","farthest","GC_pct+eQTL_SNPs_Mean",TRUE,1,26,30,""
"pool44_gene_gam","optimal","gam","<default>","GC_pct+eQTL_SNPs_Mean",TRUE,2,25,30,""
"pool44_gene_mahalanobis","nearest","mahalanobis","<default>","log10_Length",TRUE,0,22,30,""
"pool44_gene_mahalanobis","nearest","mahalanobis","largest","log10_Length",FALSE,NA,NA,NA,"The argument to `m.order` should be one of ""data"", ""random"", ""closest"",
or ""farthest""."
"pool44_gene_mahalanobis","nearest","mahalanobis","closest","log10_Length",TRUE,1,22,30,""
"pool44_gene_mahalanobis","nearest","mahalanobis","data","log10_Length",TRUE,0,22,30,""
"pool44_gene_mahalanobis","nearest","mahalanobis","random","log10_Length",TRUE,1,22,30,""
"pool44_gene_mahalanobis","nearest","mahalanobis","farthest","log10_Length",TRUE,2,22,30,""
"pool44_gene_mahalanobis","optimal","mahalanobis","<default>","log10_Length",TRUE,0,22,30,""
"pool44_gene_glm","nearest","glm","<default>","log10_Length",TRUE,0,23,30,""
"pool44_gene_glm","nearest","glm","largest","log10_Length",TRUE,0,23,30,""
"pool44_gene_glm","nearest","glm","closest","log10_Length",TRUE,1,22,30,""
"pool44_gene_glm","nearest","glm","data","log10_Length",TRUE,0,22,30,""
"pool44_gene_glm","nearest","glm","random","log10_Length",TRUE,1,22,30,""
"pool44_gene_glm","nearest","glm","farthest","log10_Length",TRUE,2,22,30,""
"pool44_gene_glm","optimal","glm","<default>","log10_Length",TRUE,1,23,30,""
"pool44_gene_gam","nearest","gam","<default>","log10_Length",TRUE,0,23,30,""
"pool44_gene_gam","nearest","gam","largest","log10_Length",TRUE,0,23,30,""
"pool44_gene_gam","nearest","gam","closest","log10_Length",TRUE,1,22,30,""
"pool44_gene_gam","nearest","gam","data","log10_Length",TRUE,0,22,30,""
"pool44_gene_gam","nearest","gam","random","log10_Length",TRUE,1,22,30,""
"pool44_gene_gam","nearest","gam","farthest","log10_Length",TRUE,2,22,30,""
"pool44_gene_gam","optimal","gam","<default>","log10_Length",TRUE,1,23,30,""
"pool44_gene_mahalanobis","nearest","mahalanobis","<default>","GC_pct",TRUE,1,24,30,""
"pool44_gene_mahalanobis","nearest","mahalanobis","largest","GC_pct",FALSE,NA,NA,NA,"The argument to `m.order` should be one of ""data"", ""random"", ""closest"",
or ""farthest""."
"pool44_gene_mahalanobis","nearest","mahalanobis","closest","GC_pct",TRUE,0,24,30,""
"pool44_gene_mahalanobis","nearest","mahalanobis","data","GC_pct",TRUE,1,24,30,""
"pool44_gene_mahalanobis","nearest","mahalanobis","random","GC_pct",TRUE,0,24,30,""
"pool44_gene_mahalanobis","nearest","mahalanobis","farthest","GC_pct",TRUE,1,24,30,""
"pool44_gene_mahalanobis","optimal","mahalanobis","<default>","GC_pct",TRUE,1,23,30,""
"pool44_gene_glm","nearest","glm","<default>","GC_pct",TRUE,1,22,30,""
"pool44_gene_glm","nearest","glm","largest","GC_pct",TRUE,1,22,30,""
"pool44_gene_glm","nearest","glm","closest","GC_pct",TRUE,0,24,30,""
"pool44_gene_glm","nearest","glm","data","GC_pct",TRUE,1,24,30,""
"pool44_gene_glm","nearest","glm","random","GC_pct",TRUE,0,24,30,""
"pool44_gene_glm","nearest","glm","farthest","GC_pct",TRUE,1,24,30,""
"pool44_gene_glm","optimal","glm","<default>","GC_pct",TRUE,1,22,30,""
"pool44_gene_gam","nearest","gam","<default>","GC_pct",TRUE,1,22,30,""
"pool44_gene_gam","nearest","gam","largest","GC_pct",TRUE,1,22,30,""
"pool44_gene_gam","nearest","gam","closest","GC_pct",TRUE,0,24,30,""
"pool44_gene_gam","nearest","gam","data","GC_pct",TRUE,1,24,30,""
"pool44_gene_gam","nearest","gam","random","GC_pct",TRUE,0,24,30,""
"pool44_gene_gam","nearest","gam","farthest","GC_pct",TRUE,1,24,30,""
"pool44_gene_gam","optimal","gam","<default>","GC_pct",TRUE,1,22,30,""
"pool44_gene_mahalanobis","nearest","mahalanobis","<default>","eQTL_SNPs_Mean",TRUE,1,21,30,""
"pool44_gene_mahalanobis","nearest","mahalanobis","largest","eQTL_SNPs_Mean",FALSE,NA,NA,NA,"The argument to `m.order` should be one of ""data"", ""random"", ""closest"",
or ""farthest""."
"pool44_gene_mahalanobis","nearest","mahalanobis","closest","eQTL_SNPs_Mean",TRUE,1,21,30,""
"pool44_gene_mahalanobis","nearest","mahalanobis","data","eQTL_SNPs_Mean",TRUE,1,21,30,""
"pool44_gene_mahalanobis","nearest","mahalanobis","random","eQTL_SNPs_Mean",TRUE,2,21,30,""
"pool44_gene_mahalanobis","nearest","mahalanobis","farthest","eQTL_SNPs_Mean",TRUE,2,22,30,""
"pool44_gene_mahalanobis","optimal","mahalanobis","<default>","eQTL_SNPs_Mean",TRUE,1,20,30,""
"pool44_gene_glm","nearest","glm","<default>","eQTL_SNPs_Mean",TRUE,1,21,30,""
"pool44_gene_glm","nearest","glm","largest","eQTL_SNPs_Mean",TRUE,1,21,30,""
"pool44_gene_glm","nearest","glm","closest","eQTL_SNPs_Mean",TRUE,1,21,30,""
"pool44_gene_glm","nearest","glm","data","eQTL_SNPs_Mean",TRUE,1,21,30,""
"pool44_gene_glm","nearest","glm","random","eQTL_SNPs_Mean",TRUE,2,21,30,""
"pool44_gene_glm","nearest","glm","farthest","eQTL_SNPs_Mean",TRUE,3,21,30,""
"pool44_gene_glm","optimal","glm","<default>","eQTL_SNPs_Mean",TRUE,2,23,30,""
"pool44_gene_gam","nearest","gam","<default>","eQTL_SNPs_Mean",TRUE,1,21,30,""
"pool44_gene_gam","nearest","gam","largest","eQTL_SNPs_Mean",TRUE,1,21,30,""
"pool44_gene_gam","nearest","gam","closest","eQTL_SNPs_Mean",TRUE,1,21,30,""
"pool44_gene_gam","nearest","gam","data","eQTL_SNPs_Mean",TRUE,1,21,30,""
"pool44_gene_gam","nearest","gam","random","eQTL_SNPs_Mean",TRUE,2,21,30,""
"pool44_gene_gam","nearest","gam","farthest","eQTL_SNPs_Mean",TRUE,3,21,30,""
"pool44_gene_gam","optimal","gam","<default>","eQTL_SNPs_Mean",TRUE,2,23,30,""
"pool44_pd_desc_mahalanobis","nearest","mahalanobis","<default>","log10_Length+GC_pct+eQTL_SNPs_Mean",TRUE,2,28,30,""
"pool44_pd_desc_mahalanobis","nearest","mahalanobis","largest","log10_Length+GC_pct+eQTL_SNPs_Mean",FALSE,NA,NA,NA,"The argument to `m.order` should be one of ""data"", ""random"", ""closest"",
or ""farthest""."
"pool44_pd_desc_mahalanobis","nearest","mahalanobis","closest","log10_Length+GC_pct+eQTL_SNPs_Mean",TRUE,2,29,30,""
"pool44_pd_desc_mahalanobis","nearest","mahalanobis","data","log10_Length+GC_pct+eQTL_SNPs_Mean",TRUE,2,28,30,""
"pool44_pd_desc_mahalanobis","nearest","mahalanobis","random","log10_Length+GC_pct+eQTL_SNPs_Mean",TRUE,2,29,30,""
"pool44_pd_desc_mahalanobis","nearest","mahalanobis","farthest","log10_Length+GC_pct+eQTL_SNPs_Mean",TRUE,2,29,30,""
"pool44_pd_desc_mahalanobis","optimal","mahalanobis","<default>","log10_Length+GC_pct+eQTL_SNPs_Mean",TRUE,2,28,30,""
"pool44_pd_desc_glm","nearest","glm","<default>","log10_Length+GC_pct+eQTL_SNPs_Mean",TRUE,0,25,30,""
"pool44_pd_desc_glm","nearest","glm","largest","log10_Length+GC_pct+eQTL_SNPs_Mean",TRUE,0,25,30,""
"pool44_pd_desc_glm","nearest","glm","closest","log10_Length+GC_pct+eQTL_SNPs_Mean",TRUE,1,24,30,""
"pool44_pd_desc_glm","nearest","glm","data","log10_Length+GC_pct+eQTL_SNPs_Mean",TRUE,1,25,30,""
"pool44_pd_desc_glm","nearest","glm","random","log10_Length+GC_pct+eQTL_SNPs_Mean",TRUE,3,24,30,""
"pool44_pd_desc_glm","nearest","glm","farthest","log10_Length+GC_pct+eQTL_SNPs_Mean",TRUE,2,24,30,""
"pool44_pd_desc_glm","optimal","glm","<default>","log10_Length+GC_pct+eQTL_SNPs_Mean",TRUE,1,24,30,""
"pool44_pd_desc_gam","nearest","gam","<default>","log10_Length+GC_pct+eQTL_SNPs_Mean",TRUE,0,25,30,""
"pool44_pd_desc_gam","nearest","gam","largest","log10_Length+GC_pct+eQTL_SNPs_Mean",TRUE,0,25,30,""
"pool44_pd_desc_gam","nearest","gam","closest","log10_Length+GC_pct+eQTL_SNPs_Mean",TRUE,1,24,30,""
"pool44_pd_desc_gam","nearest","gam","data","log10_Length+GC_pct+eQTL_SNPs_Mean",TRUE,1,25,30,""
"pool44_pd_desc_gam","nearest","gam","random","log10_Length+GC_pct+eQTL_SNPs_Mean",TRUE,3,24,30,""
"pool44_pd_desc_gam","nearest","gam","farthest","log10_Length+GC_pct+eQTL_SNPs_Mean",TRUE,2,24,30,""
"pool44_pd_desc_gam","optimal","gam","<default>","log10_Length+GC_pct+eQTL_SNPs_Mean",TRUE,1,24,30,""
"pool44_pd_desc_mahalanobis","nearest","mahalanobis","<default>","log10_Length+GC_pct",TRUE,0,23,30,""
"pool44_pd_desc_mahalanobis","nearest","mahalanobis","largest","log10_Length+GC_pct",FALSE,NA,NA,NA,"The argument to `m.order` should be one of ""data"", ""random"", ""closest"",
or ""farthest""."
"pool44_pd_desc_mahalanobis","nearest","mahalanobis","closest","log10_Length+GC_pct",TRUE,0,24,30,""
"pool44_pd_desc_mahalanobis","nearest","mahalanobis","data","log10_Length+GC_pct",TRUE,0,23,30,""
"pool44_pd_desc_mahalanobis","nearest","mahalanobis","random","log10_Length+GC_pct",TRUE,0,24,30,""
"pool44_pd_desc_mahalanobis","nearest","mahalanobis","farthest","log10_Length+GC_pct",TRUE,0,24,30,""
"pool44_pd_desc_mahalanobis","optimal","mahalanobis","<default>","log10_Length+GC_pct",TRUE,0,24,30,""
"pool44_pd_desc_glm","nearest","glm","<default>","log10_Length+GC_pct",TRUE,0,23,30,""
"pool44_pd_desc_glm","nearest","glm","largest","log10_Length+GC_pct",TRUE,0,23,30,""
"pool44_pd_desc_glm","nearest","glm","closest","log10_Length+GC_pct",TRUE,0,24,30,""
"pool44_pd_desc_glm","nearest","glm","data","log10_Length+GC_pct",TRUE,0,23,30,""
"pool44_pd_desc_glm","nearest","glm","random","log10_Length+GC_pct",TRUE,0,23,30,""
"pool44_pd_desc_glm","nearest","glm","farthest","log10_Length+GC_pct",TRUE,0,23,30,""
"pool44_pd_desc_glm","optimal","glm","<default>","log10_Length+GC_pct",TRUE,0,24,30,""
"pool44_pd_desc_gam","nearest","gam","<default>","log10_Length+GC_pct",TRUE,0,23,30,""
"pool44_pd_desc_gam","nearest","gam","largest","log10_Length+GC_pct",TRUE,0,23,30,""
"pool44_pd_desc_gam","nearest","gam","closest","log10_Length+GC_pct",TRUE,0,24,30,""
"pool44_pd_desc_gam","nearest","gam","data","log10_Length+GC_pct",TRUE,0,23,30,""
"pool44_pd_desc_gam","nearest","gam","random","log10_Length+GC_pct",TRUE,0,23,30,""
"pool44_pd_desc_gam","nearest","gam","farthest","log10_Length+GC_pct",TRUE,0,23,30,""
"pool44_pd_desc_gam","optimal","gam","<default>","log10_Length+GC_pct",TRUE,0,24,30,""
"pool44_pd_desc_mahalanobis","nearest","mahalanobis","<default>","log10_Length+eQTL_SNPs_Mean",TRUE,3,24,30,""
"pool44_pd_desc_mahalanobis","nearest","mahalanobis","largest","log10_Length+eQTL_SNPs_Mean",FALSE,NA,NA,NA,"The argument to `m.order` should be one of ""data"", ""random"", ""closest"",
or ""farthest""."
"pool44_pd_desc_mahalanobis","nearest","mahalanobis","closest","log10_Length+eQTL_SNPs_Mean",TRUE,1,24,30,""
"pool44_pd_desc_mahalanobis","nearest","mahalanobis","data","log10_Length+eQTL_SNPs_Mean",TRUE,3,24,30,""
"pool44_pd_desc_mahalanobis","nearest","mahalanobis","random","log10_Length+eQTL_SNPs_Mean",TRUE,1,23,30,""
"pool44_pd_desc_mahalanobis","nearest","mahalanobis","farthest","log10_Length+eQTL_SNPs_Mean",TRUE,2,24,30,""
"pool44_pd_desc_mahalanobis","optimal","mahalanobis","<default>","log10_Length+eQTL_SNPs_Mean",TRUE,2,25,30,""
"pool44_pd_desc_glm","nearest","glm","<default>","log10_Length+eQTL_SNPs_Mean",TRUE,1,25,30,""
"pool44_pd_desc_glm","nearest","glm","largest","log10_Length+eQTL_SNPs_Mean",TRUE,1,25,30,""
"pool44_pd_desc_glm","nearest","glm","closest","log10_Length+eQTL_SNPs_Mean",TRUE,1,24,30,""
"pool44_pd_desc_glm","nearest","glm","data","log10_Length+eQTL_SNPs_Mean",TRUE,1,24,30,""
"pool44_pd_desc_glm","nearest","glm","random","log10_Length+eQTL_SNPs_Mean",TRUE,1,24,30,""
"pool44_pd_desc_glm","nearest","glm","farthest","log10_Length+eQTL_SNPs_Mean",TRUE,1,24,30,""
"pool44_pd_desc_glm","optimal","glm","<default>","log10_Length+eQTL_SNPs_Mean",TRUE,0,24,30,""
"pool44_pd_desc_gam","nearest","gam","<default>","log10_Length+eQTL_SNPs_Mean",TRUE,1,25,30,""
"pool44_pd_desc_gam","nearest","gam","largest","log10_Length+eQTL_SNPs_Mean",TRUE,1,25,30,""
"pool44_pd_desc_gam","nearest","gam","closest","log10_Length+eQTL_SNPs_Mean",TRUE,1,24,30,""
"pool44_pd_desc_gam","nearest","gam","data","log10_Length+eQTL_SNPs_Mean",TRUE,1,24,30,""
"pool44_pd_desc_gam","nearest","gam","random","log10_Length+eQTL_SNPs_Mean",TRUE,1,24,30,""
"pool44_pd_desc_gam","nearest","gam","farthest","log10_Length+eQTL_SNPs_Mean",TRUE,1,24,30,""
"pool44_pd_desc_gam","optimal","gam","<default>","log10_Length+eQTL_SNPs_Mean",TRUE,0,24,30,""
"pool44_pd_desc_mahalanobis","nearest","mahalanobis","<default>","GC_pct+eQTL_SNPs_Mean",TRUE,3,25,30,""
"pool44_pd_desc_mahalanobis","nearest","mahalanobis","largest","GC_pct+eQTL_SNPs_Mean",FALSE,NA,NA,NA,"The argument to `m.order` should be one of ""data"", ""random"", ""closest"",
or ""farthest""."
"pool44_pd_desc_mahalanobis","nearest","mahalanobis","closest","GC_pct+eQTL_SNPs_Mean",TRUE,3,25,30,""
"pool44_pd_desc_mahalanobis","nearest","mahalanobis","data","GC_pct+eQTL_SNPs_Mean",TRUE,3,25,30,""
"pool44_pd_desc_mahalanobis","nearest","mahalanobis","random","GC_pct+eQTL_SNPs_Mean",TRUE,2,26,30,""
"pool44_pd_desc_mahalanobis","nearest","mahalanobis","farthest","GC_pct+eQTL_SNPs_Mean",TRUE,3,26,30,""
"pool44_pd_desc_mahalanobis","optimal","mahalanobis","<default>","GC_pct+eQTL_SNPs_Mean",TRUE,5,27,30,""
"pool44_pd_desc_glm","nearest","glm","<default>","GC_pct+eQTL_SNPs_Mean",TRUE,2,25,30,""
"pool44_pd_desc_glm","nearest","glm","largest","GC_pct+eQTL_SNPs_Mean",TRUE,2,25,30,""
"pool44_pd_desc_glm","nearest","glm","closest","GC_pct+eQTL_SNPs_Mean",TRUE,3,26,30,""
"pool44_pd_desc_glm","nearest","glm","data","GC_pct+eQTL_SNPs_Mean",TRUE,2,25,30,""
"pool44_pd_desc_glm","nearest","glm","random","GC_pct+eQTL_SNPs_Mean",TRUE,1,25,30,""
"pool44_pd_desc_glm","nearest","glm","farthest","GC_pct+eQTL_SNPs_Mean",TRUE,1,26,30,""
"pool44_pd_desc_glm","optimal","glm","<default>","GC_pct+eQTL_SNPs_Mean",TRUE,1,25,30,""
"pool44_pd_desc_gam","nearest","gam","<default>","GC_pct+eQTL_SNPs_Mean",TRUE,2,25,30,""
"pool44_pd_desc_gam","nearest","gam","largest","GC_pct+eQTL_SNPs_Mean",TRUE,2,25,30,""
"pool44_pd_desc_gam","nearest","gam","closest","GC_pct+eQTL_SNPs_Mean",TRUE,3,26,30,""
"pool44_pd_desc_gam","nearest","gam","data","GC_pct+eQTL_SNPs_Mean",TRUE,2,25,30,""
"pool44_pd_desc_gam","nearest","gam","random","GC_pct+eQTL_SNPs_Mean",TRUE,1,25,30,""
"pool44_pd_desc_gam","nearest","gam","farthest","GC_pct+eQTL_SNPs_Mean",TRUE,1,26,30,""
"pool44_pd_desc_gam","optimal","gam","<default>","GC_pct+eQTL_SNPs_Mean",TRUE,1,25,30,""
"pool44_pd_desc_mahalanobis","nearest","mahalanobis","<default>","log10_Length",TRUE,1,22,30,""
"pool44_pd_desc_mahalanobis","nearest","mahalanobis","largest","log10_Length",FALSE,NA,NA,NA,"The argument to `m.order` should be one of ""data"", ""random"", ""closest"",
or ""farthest""."
"pool44_pd_desc_mahalanobis","nearest","mahalanobis","closest","log10_Length",TRUE,1,22,30,""
"pool44_pd_desc_mahalanobis","nearest","mahalanobis","data","log10_Length",TRUE,1,22,30,""
"pool44_pd_desc_mahalanobis","nearest","mahalanobis","random","log10_Length",TRUE,1,22,30,""
"pool44_pd_desc_mahalanobis","nearest","mahalanobis","farthest","log10_Length",TRUE,2,22,30,""
"pool44_pd_desc_mahalanobis","optimal","mahalanobis","<default>","log10_Length",TRUE,0,23,30,""
"pool44_pd_desc_glm","nearest","glm","<default>","log10_Length",TRUE,0,23,30,""
"pool44_pd_desc_glm","nearest","glm","largest","log10_Length",TRUE,0,23,30,""
"pool44_pd_desc_glm","nearest","glm","closest","log10_Length",TRUE,1,22,30,""
"pool44_pd_desc_glm","nearest","glm","data","log10_Length",TRUE,1,22,30,""
"pool44_pd_desc_glm","nearest","glm","random","log10_Length",TRUE,1,22,30,""
"pool44_pd_desc_glm","nearest","glm","farthest","log10_Length",TRUE,2,22,30,""
"pool44_pd_desc_glm","optimal","glm","<default>","log10_Length",TRUE,1,23,30,""
"pool44_pd_desc_gam","nearest","gam","<default>","log10_Length",TRUE,0,23,30,""
"pool44_pd_desc_gam","nearest","gam","largest","log10_Length",TRUE,0,23,30,""
"pool44_pd_desc_gam","nearest","gam","closest","log10_Length",TRUE,1,22,30,""
"pool44_pd_desc_gam","nearest","gam","data","log10_Length",TRUE,1,22,30,""
"pool44_pd_desc_gam","nearest","gam","random","log10_Length",TRUE,1,22,30,""
"pool44_pd_desc_gam","nearest","gam","farthest","log10_Length",TRUE,2,22,30,""
"pool44_pd_desc_gam","optimal","gam","<default>","log10_Length",TRUE,1,23,30,""
"pool44_pd_desc_mahalanobis","nearest","mahalanobis","<default>","GC_pct",TRUE,0,23,30,""
"pool44_pd_desc_mahalanobis","nearest","mahalanobis","largest","GC_pct",FALSE,NA,NA,NA,"The argument to `m.order` should be one of ""data"", ""random"", ""closest"",
or ""farthest""."
"pool44_pd_desc_mahalanobis","nearest","mahalanobis","closest","GC_pct",TRUE,0,23,30,""
"pool44_pd_desc_mahalanobis","nearest","mahalanobis","data","GC_pct",TRUE,0,23,30,""
"pool44_pd_desc_mahalanobis","nearest","mahalanobis","random","GC_pct",TRUE,0,23,30,""
"pool44_pd_desc_mahalanobis","nearest","mahalanobis","farthest","GC_pct",TRUE,1,23,30,""
"pool44_pd_desc_mahalanobis","optimal","mahalanobis","<default>","GC_pct",TRUE,0,22,30,""
"pool44_pd_desc_glm","nearest","glm","<default>","GC_pct",TRUE,1,22,30,""
"pool44_pd_desc_glm","nearest","glm","largest","GC_pct",TRUE,1,22,30,""
"pool44_pd_desc_glm","nearest","glm","closest","GC_pct",TRUE,0,23,30,""
"pool44_pd_desc_glm","nearest","glm","data","GC_pct",TRUE,0,23,30,""
"pool44_pd_desc_glm","nearest","glm","random","GC_pct",TRUE,0,23,30,""
"pool44_pd_desc_glm","nearest","glm","farthest","GC_pct",TRUE,1,23,30,""
"pool44_pd_desc_glm","optimal","glm","<default>","GC_pct",TRUE,0,21,30,""
"pool44_pd_desc_gam","nearest","gam","<default>","GC_pct",TRUE,1,22,30,""
"pool44_pd_desc_gam","nearest","gam","largest","GC_pct",TRUE,1,22,30,""
"pool44_pd_desc_gam","nearest","gam","closest","GC_pct",TRUE,0,23,30,""
"pool44_pd_desc_gam","nearest","gam","data","GC_pct",TRUE,0,23,30,""
"pool44_pd_desc_gam","nearest","gam","random","GC_pct",TRUE,0,23,30,""
"pool44_pd_desc_gam","nearest","gam","farthest","GC_pct",TRUE,1,23,30,""
"pool44_pd_desc_gam","optimal","gam","<default>","GC_pct",TRUE,0,21,30,""
"pool44_pd_desc_mahalanobis","nearest","mahalanobis","<default>","eQTL_SNPs_Mean",TRUE,2,23,30,""
"pool44_pd_desc_mahalanobis","nearest","mahalanobis","largest","eQTL_SNPs_Mean",FALSE,NA,NA,NA,"The argument to `m.order` should be one of ""data"", ""random"", ""closest"",
or ""farthest""."
"pool44_pd_desc_mahalanobis","nearest","mahalanobis","closest","eQTL_SNPs_Mean",TRUE,2,23,30,""
"pool44_pd_desc_mahalanobis","nearest","mahalanobis","data","eQTL_SNPs_Mean",TRUE,2,23,30,""
"pool44_pd_desc_mahalanobis","nearest","mahalanobis","random","eQTL_SNPs_Mean",TRUE,3,23,30,""
"pool44_pd_desc_mahalanobis","nearest","mahalanobis","farthest","eQTL_SNPs_Mean",TRUE,3,23,30,""
"pool44_pd_desc_mahalanobis","optimal","mahalanobis","<default>","eQTL_SNPs_Mean",TRUE,0,21,30,""
"pool44_pd_desc_glm","nearest","glm","<default>","eQTL_SNPs_Mean",TRUE,2,22,30,""
"pool44_pd_desc_glm","nearest","glm","largest","eQTL_SNPs_Mean",TRUE,2,22,30,""
"pool44_pd_desc_glm","nearest","glm","closest","eQTL_SNPs_Mean",TRUE,2,23,30,""
"pool44_pd_desc_glm","nearest","glm","data","eQTL_SNPs_Mean",TRUE,2,23,30,""
"pool44_pd_desc_glm","nearest","glm","random","eQTL_SNPs_Mean",TRUE,4,23,30,""
"pool44_pd_desc_glm","nearest","glm","farthest","eQTL_SNPs_Mean",TRUE,3,23,30,""
"pool44_pd_desc_glm","optimal","glm","<default>","eQTL_SNPs_Mean",TRUE,2,22,30,""
"pool44_pd_desc_gam","nearest","gam","<default>","eQTL_SNPs_Mean",TRUE,2,22,30,""
"pool44_pd_desc_gam","nearest","gam","largest","eQTL_SNPs_Mean",TRUE,2,22,30,""
"pool44_pd_desc_gam","nearest","gam","closest","eQTL_SNPs_Mean",TRUE,2,23,30,""
"pool44_pd_desc_gam","nearest","gam","data","eQTL_SNPs_Mean",TRUE,2,23,30,""
"pool44_pd_desc_gam","nearest","gam","random","eQTL_SNPs_Mean",TRUE,4,23,30,""
"pool44_pd_desc_gam","nearest","gam","farthest","eQTL_SNPs_Mean",TRUE,3,23,30,""
"pool44_pd_desc_gam","optimal","gam","<default>","eQTL_SNPs_Mean",TRUE,2,22,30,""
