gene,gene_name,zscore,effect_size,pvalue,var_g,pred_perf_r2,pred_perf_pval,pred_perf_qval,n_snps_used,n_snps_in_cov,n_snps_in_model,best_gwas_p,largest_weight
NAP1L4,NAP1L4,3.2997005702057005,0.0001294799107991916,0.0009678803715062415,174584.6654815344,NA,NA,NA,625,637,637,0.00034188222459015995,26.5518
TAGLN2,TAGLN2,-2.6848817730237995,-0.0002547040641691593,0.007255546653531424,28631.92541871603,NA,NA,NA,927,933,933,0.0015093183080549539,31.0058
EXOSC8,EXOSC8,-2.4213868709990805,-5.6815247778568e-05,0.015461412705476754,472741.95146694384,NA,NA,NA,1028,1032,1032,8.235235292853382e-05,32.7569
WAC,WAC,2.3668926512501787,8.703615486000383e-05,0.017938134972706455,193597.3735737833,NA,NA,NA,1132,1141,1141,0.0037373743838571513,28.2553
GNPDA1,GNPDA1,2.064216740450439,0.00011221340214454609,0.03899717097933737,87757.35250740443,NA,NA,NA,1013,1018,1018,0.0026329132499286786,15.9979
PSMA6,PSMA6,2.0023065065679857,0.00014692390319474434,0.04525177665728468,50791.90369931667,NA,NA,NA,749,758,758,0.006470610219806752,11.2688
ZFYVE27,ZFYVE27,1.8561889258841917,8.688420299580005e-05,0.06342663400169142,109465.27017459273,NA,NA,NA,944,951,951,0.000508019520751635,16.1446
SGTA,SGTA,-1.8089889037998084,-0.0001897984718474781,0.07045272724023867,22576.754711203284,NA,NA,NA,260,275,275,0.014433389185537627,11.3158
ALKBH3,ALKBH3,-1.7772428183054643,-0.00012038878292772206,0.07552829729385994,60898.256415137024,NA,NA,NA,1043,1050,1050,0.0018072716528464024,24.0162
FKBP9,FKBP9,1.7314383749911777,6.441041520504121e-05,0.08337360717010078,179239.02700069145,NA,NA,NA,902,908,908,0.0010665103733581314,27.7534
SOD1,SOD1,1.5395369850367917,0.00028224441638616715,0.12367325591362432,7944.409387880831,NA,NA,NA,910,918,918,0.014757402193066907,8.0978
TARDBP,TARDBP,-1.518885128528758,-0.0002016725652882378,0.1287914129648888,16631.567068548655,NA,NA,NA,729,733,733,1.393923887891338e-06,5.3654
POLD2,POLD2,-1.515160660633165,-0.0002247543640117474,0.12973172280864603,12498.836087793483,NA,NA,NA,787,788,788,0.0022600119870672944,7.9336
PDS5A,PDS5A,-1.4796438489886636,-6.6712145870118e-05,0.13896831795555734,126759.1284657896,NA,NA,NA,804,810,810,0.0012552182371192656,18.4472
AHSA1,AHSA1,1.3477967362906496,0.00020761251726571263,0.17772376793026345,10445.01737563296,NA,NA,NA,1158,1165,1165,0.00017149848993485876,5.6411
DNAJB6,DNAJB6,1.3417653980907192,3.505025681818986e-05,0.17967207479943592,423284.62302434247,NA,NA,NA,821,832,832,2.499865618840213e-05,56.597
UBE2Z,UBE2Z,1.3290226095636668,2.678059380364226e-05,0.18384051069268614,619368.2538816343,NA,NA,NA,773,778,778,0.004111694780655184,38.4406
TM2D1,TM2D1,-1.2994202373720636,-0.00010641029042378781,0.19379975027102414,39560.34192615211,NA,NA,NA,936,940,940,0.00018282876883730676,46.7186
ACAT1,ACAT1,1.1710415307719058,2.484918338739825e-05,0.24158208400131198,571668.125643312,NA,NA,NA,781,785,785,0.007892885118721564,32.301
EEPD1,EEPD1,1.1091933923826438,6.968106418823711e-05,0.26734676248358735,70965.29714724013,NA,NA,NA,1086,1093,1093,0.0001995530677871332,23.7387
CTBS,CTBS,1.1018917843165075,2.984858331891295e-05,0.27050872075119403,356695.87946014287,NA,NA,NA,1043,1045,1045,0.007336471512237377,33.5534
FGFR4,FGFR4,-1.0759940090410052,-4.9665746840215254e-05,0.28192993575404257,129147.86004790751,NA,NA,NA,585,587,587,0.0063366850242420145,14.8937
LMAN1,LMAN1,0.9213458610592322,1.8226196576382167e-05,0.35686988456143065,663764.4003039061,NA,NA,NA,1093,1098,1098,8.835230787698909e-05,41.6586
COPB2,COPB2,-0.9190850463948306,-3.078522714620261e-05,0.35805109013966696,312298.3228800372,NA,NA,NA,827,829,829,0.02041089049190488,15.7054
PRPF38A,PRPF38A,0.893668099343836,4.8173897870038526e-05,0.37149949841409746,94641.23599366253,NA,NA,NA,594,599,599,0.0011723019535723142,16.3523
PLD2,PLD2,0.8440189983011874,2.226573825571175e-05,0.3986587893929573,321397.217479767,NA,NA,NA,845,852,852,0.007712046754602318,47.6482
RBM17,RBM17,-0.8210201277586622,-9.136461283001601e-05,0.41163480343499415,26291.673442601612,NA,NA,NA,1385,1390,1390,0.002793999513896859,13.5211
INO80B,INO80B,0.8084877902808386,1.4272224002273822e-05,0.4188098319977276,878605.8730614159,NA,NA,NA,811,816,816,0.0016677520717516409,29.6869
OLFM1,OLFM1,-0.7656337323230864,-1.4638338833266088e-05,0.4438942673666302,769022.2505612789,NA,NA,NA,583,586,586,0.005589422300847462,74.6703
CDC42,CDC42,-0.724967580081407,-1.9138169881633038e-05,0.4684719197056205,355148.21187837503,NA,NA,NA,863,872,872,0.0006415193289629449,35.9667
TMEM165,TMEM165,0.6611597843106961,3.640649593401785e-05,0.5085098486776944,93987.63883657305,NA,NA,NA,871,874,874,0.002400923813317879,10.941
HGS,HGS,0.5977316361873181,0.0001464891665868393,0.5500190126898441,5567.725976369871,NA,NA,NA,434,437,437,0.008107928758061135,10.7427
UTP3,UTP3,-0.5873292491578931,-0.0001343403769609905,0.5569826007035905,5883.964219306178,NA,NA,NA,722,725,725,0.004343601037046081,3.7756
SMIM12,SMIM12,-0.5509274962968466,-5.155047926009402e-05,0.5816833775886476,29056.050967579922,NA,NA,NA,714,716,716,0.009621378698360135,42.1077
CLNS1A,CLNS1A,-0.5487786370340874,-5.533715401895483e-06,0.5831573726474706,1624928.9250092846,NA,NA,NA,721,726,726,0.0015264641081832366,40.2472
MSTO1,MSTO1,-0.537740627032848,-4.2986574753331826e-05,0.5907561269495335,32170.32220960315,NA,NA,NA,657,664,664,0.00010224807951310055,10.7626
BAIAP2L2,BAIAP2L2,0.5238885381301723,5.851252783588599e-05,0.6003560673395048,22694.394315782672,NA,NA,NA,755,767,767,0.006026470443752784,20.7559
NUFIP2,NUFIP2,0.5125710332251302,1.5654521370643855e-05,0.6082514200516249,243504.50644646262,NA,NA,NA,633,637,637,0.0003097376110780006,29.0357
STX8,STX8,-0.43497490618089585,-2.6918977413996458e-05,0.6635806420325709,58934.55658562459,NA,NA,NA,1036,1040,1040,0.0007090178490943868,49.7258
PTPN11,PTPN11,-0.4156555158419221,-1.3036525696660245e-05,0.6776620968001025,254387.567766657,NA,NA,NA,563,568,568,0.015643941648672215,10.4092
CBX1,CBX1,0.40650384678072976,1.0648938087084268e-05,0.6843724310865168,396642.47751228465,NA,NA,NA,784,787,787,0.004111694780655184,15.9089
TRPC4AP,TRPC4AP,0.3923604572068243,2.3459485870183938e-06,0.6947918989612374,8178146.728307234,NA,NA,NA,597,603,603,0.018341994791798974,77.9329
MLEC,MLEC,0.3849940378583225,1.0787527244120142e-05,0.7002418328235003,280478.72870750685,NA,NA,NA,763,767,767,0.0017992174877954402,25.0034
PSMG3,PSMG3,-0.2721498294323018,-6.005281130174557e-05,0.7855068165746526,10548.53418033854,NA,NA,NA,474,477,477,2.6880522136041997e-05,5.582
VDAC1,VDAC1,0.23641086460773175,5.508600415672262e-05,0.8131138663714473,11017.575499889881,NA,NA,NA,881,886,886,0.0018131876407373624,10.7466
UBOX5,UBOX5,0.23170824401011886,7.90700445639785e-06,0.8167646278357767,183296.41614231336,NA,NA,NA,1021,1027,1027,0.007102054673351318,30.1771
DSC2,DSC2,-0.20324465941880046,-1.3150363576033019e-05,0.8389438080387984,71577.64567289235,NA,NA,NA,939,945,945,0.0006060647105092231,20.1527
SARS,SARS,-0.19241665124058918,-1.9080551767641217e-05,0.8474158502968986,47607.963910518316,NA,NA,NA,717,720,720,0.0007204445011908557,10.6559
NPRL2,NPRL2,0.1735466524442141,1.2712601798752578e-05,0.8622217608212809,9214.327976690556,NA,NA,NA,548,551,551,0.011625974586310577,4.737
RRP12,RRP12,0.14949262991417142,6.171005888935966e-07,0.8811649244989779,9081357.44146782,NA,NA,NA,892,898,898,0.000508019520751635,120.1601
ACTN4,ACTN4,-0.13056580551907762,-5.649904242560605e-06,0.8961187943489458,97348.06017329701,NA,NA,NA,745,755,755,0.00304922086930332,17.6301
RICTOR,RICTOR,-0.09198517758378419,-7.36780970473383e-06,0.9267098162336653,16891.5714815624,NA,NA,NA,896,899,899,0.01290531606312617,9.6368
RNF139,RNF139,0.0788525770646218,4.142449280045763e-06,0.9371498837498594,11685.296604998415,NA,NA,NA,1014,1019,1019,0.0017932867637929322,9.5554
KBTBD11,KBTBD11,-0.04583761387059007,-2.589125578229283e-06,0.9634396787716929,213654.7557373528,NA,NA,NA,1311,1360,1360,0.001006094414460283,34.7716
ACD,ACD,0.04518474273779707,1.8177712649977856e-07,0.9639600553608325,522294.7799325384,NA,NA,NA,490,495,495,0.011748884785095236,18.3351
