canonical_name	staged_bytes	sha256_from_manifest	sha256_observed	verdict	note
mashr_Whole_Blood.db	4612096	1f4abfeea5f0ed122e812112821cd3626f3cbde72044e5a283830e8c8e13ba0f	1f4abfeea5f0ed122e812112821cd3626f3cbde72044e5a283830e8c8e13ba0f	MATCH	extracted from mashr_eqtl.tar (262,092,800 B) by member name
mashr_Nerve_Tibial.db	5910528	48dda44649b12a046023301cdc537189a5395f266f1fb8adb3833602791a380c	48dda44649b12a046023301cdc537189a5395f266f1fb8adb3833602791a380c	MATCH	extracted from mashr_eqtl.tar (262,092,800 B) by member name
gtex_v8_mashr_snp_covariance.txt.gz	34851462	68dccc21c4e0293c51395a9ef1d464797a0482ba51ab47b93f92c4d0b49c84bb	68dccc21c4e0293c51395a9ef1d464797a0482ba51ab47b93f92c4d0b49c84bb	MATCH	staged verbatim
2019-12-11-cis-eQTLsFDR0.05-ProbeLevel-CohortInfoRemoved-BonferroniAdded.txt.gz	322775879	8d963046d7b74cf3533c3510614cdc724e7ad0e325a3d2f7cca63ad13661b4c4	8d963046d7b74cf3533c3510614cdc724e7ad0e325a3d2f7cca63ad13661b4c4	MATCH	staged verbatim
finngen_R13_DM_RETINOPATHY_EXMORE.gz	799133923	92652925b89943fd216510d82622baec424b7713076734728cb46443ccb4d79a	92652925b89943fd216510d82622baec424b7713076734728cb46443ccb4d79a	MATCH	staged verbatim
finngen_R13_DM_NEPHROPATHY.gz	801346330	9b17cbc3fb233df8113740a571f53e8efbfb0ee5f26ad23bd2640ffab35be69f	9b17cbc3fb233df8113740a571f53e8efbfb0ee5f26ad23bd2640ffab35be69f	MATCH	staged verbatim
finngen_R13_DM_NEUROPATHY.gz	800964581	5a7d603866e887b3d10dbd7b49d2f54aea79b535342e7bbc7c6058bb980f0c53	5a7d603866e887b3d10dbd7b49d2f54aea79b535342e7bbc7c6058bb980f0c53	MATCH	staged verbatim
finngen_R13_manifest.tsv	820805	c9caafa9b98ee5ef050a705766bd1c451fc2154fb8e81b069022012a2f75ae20	c9caafa9b98ee5ef050a705766bd1c451fc2154fb8e81b069022012a2f75ae20	MATCH	staged verbatim
GCST90043640.h.tsv.gz	528201989	3776c85ada92559b4c6a66e27cbb0e40fa45963ce7c9f1131cd8df5e60878557	3776c85ada92559b4c6a66e27cbb0e40fa45963ce7c9f1131cd8df5e60878557	MATCH	staged under its canonical name from 34737426-GCST90043640-EFO_0003770.h (1).tsv.gz
GCST90043640_buildGRCh37.tsv.gz	445327939	f84387729df2d608fa77907184f54dc32265a2c5b448a7ba81c8bc4a0c9518a3	f84387729df2d608fa77907184f54dc32265a2c5b448a7ba81c8bc4a0c9518a3	MATCH	staged verbatim
PGC3_SCZ_wave3.european.autosome.public.v3.vcf.tsv.gz	239710564	dbba3a85575c99fd1c2e3497d0c7a44539ccfdbf2e69742f8bdbda879230bcd7	dbba3a85575c99fd1c2e3497d0c7a44539ccfdbf2e69742f8bdbda879230bcd7	MATCH	staged verbatim
g1000_eur.zip	511626945	83a48fd9dcaa0b9a874b18c63143a4ede93f05505b215b0bd8790130a0d7a954	83a48fd9dcaa0b9a874b18c63143a4ede93f05505b215b0bd8790130a0d7a954	MATCH	staged verbatim
meta_egfr_dmstrat_stage1plus2.txt.gz	178400853	141114f3ae9add8a5b568b24b87bf833de4dff25fb94d66519c36f7fe8e3413f	141114f3ae9add8a5b568b24b87bf833de4dff25fb94d66519c36f7fe8e3413f	MATCH	staged verbatim
RNApull_down_MS_results.zip	21500065	c50e44b1c9ab2dcca46576ec0859ae2b12baa91360f9e97a232a72d39c810a4c	c50e44b1c9ab2dcca46576ec0859ae2b12baa91360f9e97a232a72d39c810a4c	MATCH	staged under its canonical name from 'RNApull down MS实验结果.zip'
MetaXcan-v0.8.1.tar.gz	6484124	3a6e1ceefef8961e10b4096e6768577ee46c67a8273087eb2d88e17be2d9f1d3	3a6e1ceefef8961e10b4096e6768577ee46c67a8273087eb2d88e17be2d9f1d3	MATCH	staged verbatim
