# candidate matched set for SI Table S4 identification, 2026-10-04
# source (outside this archive): TableS5_mahalanobis_matched_pairs.csv
# md5 of the unmodified source b7cec414b7141b96cbb6025019012b54  bytes 3240
﻿Pair_ID,Candidate_Gene,Candidate_Group,Candidate_log10_Length,Candidate_Length_bp,Candidate_n_eQTL_SNPs,Control_Gene,Control_Group,Control_log10_Length,Control_Length_bp,Control_n_eQTL_SNPs
Pair_01,CKAP4,30_HOTAIR_Candidate,4.31357196843982,20585,2,RP11-134O21.1,Background,4.31388830211387,20600,2
Pair_10,RNH1,30_HOTAIR_Candidate,4.29646773880012,19790,4,ZNF500,Background,4.29455439883105,19703,4
Pair_11,RPL8,30_HOTAIR_Candidate,3.91755802082544,8270,1,MVK,Background,4.28632171425687,19333,2
Pair_12,EIF4A1,30_HOTAIR_Candidate,4.20090519168499,15881,1,SPPL2A,Background,4.56979512311184,37135,2
Pair_13,RPS14,30_HOTAIR_Candidate,3.72304499164344,5284,3,AARS2,Background,3.72394797643164,5295,3
Pair_14,RPLP0,30_HOTAIR_Candidate,3.74075732330777,5504,2,SLC35E4,Background,3.74178169614317,5517,2
Pair_15,RPS16,30_HOTAIR_Candidate,3.56655533088305,3685,2,PIK3C3,Background,3.56667313760612,3686,2
Pair_16,XRCC5,30_HOTAIR_Candidate,4.58948044393962,38857,3,NUB1,Background,4.59002774497298,38906,3
Pair_17,H2AFV,30_HOTAIR_Candidate,4.18006850090122,15137,2,RHPN1,Background,4.18035529644879,15147,2
Pair_18,RPS13,30_HOTAIR_Candidate,3.76804581410242,5861,2,ARPC3,Background,3.76841608821633,5866,2
Pair_19,XRCC6,30_HOTAIR_Candidate,4.41540742545014,26025,2,COL15A1,Background,4.41509025767111,26006,2
Pair_02,HSP90AB1,30_HOTAIR_Candidate,4.37318794991272,23614,3,ZNF350,Background,4.37296720638715,23602,3
Pair_20,ACTB,30_HOTAIR_Candidate,3.72802895442052,5345,1,SFTPD,Background,4.09826290237993,12538,2
Pair_21,RPS3,30_HOTAIR_Candidate,3.89231726072248,7803,2,MAST3,Background,3.89242854694523,7805,2
Pair_22,DDX5,30_HOTAIR_Candidate,4.11753643271034,13107,1,PEBP4,Background,4.48614699680657,30629,2
Pair_23,EIF4H,30_HOTAIR_Candidate,4.08120323930658,12055,1,PARVG,Background,4.44989475198121,28176,2
Pair_24,ILF2,30_HOTAIR_Candidate,4.34131579459647,21943,1,AAMDC,Background,4.71027818514028,51318,2
Pair_25,RPL23A,30_HOTAIR_Candidate,3.7326349675392,5402,1,TPRA1,Background,4.10150649613993,12632,2
Pair_26,HNRNPA3,30_HOTAIR_Candidate,4.0321350468799,10767,1,C1QTNF1,Background,4.40096947922566,25174,2
Pair_27,YWHAQ,30_HOTAIR_Candidate,4.4569578494576,28638,1,RGS9,Background,4.82639878218762,67049,2
Pair_28,RPL13A,30_HOTAIR_Candidate,3.76819396163307,5863,1,FIGNL1,Background,4.1365303235313,13693,2
Pair_29,RPS18,30_HOTAIR_Candidate,3.74186039406526,5518,2,FBXL17,Background,3.74366652144621,5541,2
Pair_03,HSPA8,30_HOTAIR_Candidate,3.86326336365048,7298,1,LSP1,Background,4.23208084244137,17063,2
Pair_30,RPS25,30_HOTAIR_Candidate,3.67080228426094,4685,2,RNF114,Background,3.67061688640033,4683,2
Pair_04,TUBB,30_HOTAIR_Candidate,3.65906007224094,4560,1,WFDC1,Background,4.02832719846757,10673,2
Pair_05,GAPDH,30_HOTAIR_Candidate,3.67960957177976,4781,2,ZNF345,Background,3.68087917442681,4795,2
Pair_06,RPL5,30_HOTAIR_Candidate,3.86981820797933,7409,1,FEZF1,Background,4.2387735017207,17328,2
Pair_07,HSP90B1,30_HOTAIR_Candidate,4.02714566577434,10644,2,MMP28,Background,4.02661496793468,10631,2
Pair_08,VCP,30_HOTAIR_Candidate,4.19868457307714,15800,2,SYCE2,Background,4.19898680567093,15811,2
Pair_09,RPSA,30_HOTAIR_Candidate,3.77815125038364,5999,4,NMUR1,Background,3.78268756823497,6062,4
